{
  "1": -12.629435613,
  "3": -201.70890376,
  "5": -264.89544971,
  "6": -431.60174701,
  "7": -265.92587234,
  "8": -431.60174701,
  "9": -656.5253,
  "15": -175.88827756,
  "16": -274.7039,
  "78": -3264.7049
}