idx,config_type,formula,natoms,dE_per_atom_meV,F_rmse_meV_A,F_ref_rms_meV_A,F_maxerr_meV_A,worst_atom_idx,worst_atom_sym,absdE,rel_F_pct
0,none,C400H112O56Pt43,611,-10.955832865940478,40.3583877039683,1286.260629161354,258.50763785395236,420,Pt,10.955832865940478,3.1376524157691192
1,none,C400H112O56Pt43,611,-11.67176589558401,71.68273102058544,1461.3186821290878,522.6540700099689,469,H,11.67176589558401,4.905345555162979
2,none,C400H112O56Pt43,611,-11.212774007101032,54.276407102534776,1333.0306263355565,459.09377763959435,597,H,11.212774007101032,4.071654921518065
3,none,C400H112O56Pt43,611,-10.944019353555275,40.003436857484324,1246.7083298767975,269.1010618615766,426,Pt,10.944019353555275,3.208724598915414
4,none,C400H22O11Pt21,454,-2.1810854367433845,64.12758478813826,1538.2925380067197,421.2126349762723,340,C,2.1810854367433845,4.1687509497532345
5,none,C400H22O11Pt21,454,-1.2781870033307872,109.26594474311328,1624.2590725092168,945.5717736686337,259,C,1.2781870033307872,6.727125407051913
6,none,C64H162O73,299,18.017136942652478,78.15125387928065,1015.7178534627283,410.4185853195652,61,C,18.017136942652478,7.694189248800913
7,none,C64H162O73,299,19.000950912921805,43.97203624051775,1087.6244663851535,190.38876472669392,173,O,19.000950912921805,4.042942909022996
8,none,C64H162O73,299,18.263988472508846,45.015489448707676,1173.919574189976,278.83540546565064,182,O,18.263988472508846,3.834631472072447
9,none,C9H95F19O52Pt64S,240,-7.152672297039923,65.09867594576338,193.0411098598017,429.0398067693878,102,F,7.152672297039923,33.72270082421409
10,none,C9H95F19O52Pt64S,240,-8.75363839744144,71.5255348723778,223.55384033258534,466.28954668661186,119,F,8.75363839744144,31.994769030121734
11,none,C9H95F19O52Pt64S,240,-9.123298158980711,69.64465747026055,234.30469237259706,485.98008972779024,104,F,9.123298158980711,29.723970427152143
12,none,C9H95F19O52Pt64S,240,-9.738560916957795,84.72178667646237,215.82786480362404,716.2142549500682,107,C,9.738560916957795,39.25433203611056
13,none,C9H97F19O56Pt64S,246,-9.574042702622794,60.959913679906606,259.6059561301907,529.5326765700014,98,F,9.574042702622794,23.481708427881987
14,none,C9H97F19O56Pt64S,246,-9.574042680262535,60.95991367990638,259.6059561301907,529.5326765700034,98,F,9.574042680262535,23.4817084278819
15,none,C9H97F19O56Pt64S,246,-9.783329206000165,65.28358172641413,225.79339661684503,456.7026648576087,122,F,9.783329206000165,28.91297208181673
16,none,C9H97F19O56Pt64S,246,-8.995490116247058,75.56371087149581,297.95380232475,468.2305932764174,105,F,8.995490116247058,25.360881546709162
17,none,C9H97F19O56Pt64S,246,-8.26398747319136,75.39878421417419,241.86010317635487,421.2934620789774,106,F,8.26398747319136,31.174543971477743
18,none,C9H97F19O56Pt64S,246,-8.674785389510037,67.58316896683087,197.3473094287613,443.2781589075328,115,F,8.674785389510037,34.24580206462208
19,none,C9H97F19O56Pt64S,246,-7.354350740703323,64.85733216011403,269.3104843357795,472.8179512684357,119,F,7.354350740703323,24.082735701907964
20,none,C9H96F19O56Pt64S,245,-12.059819827934879,71.75765505635893,234.72577033946598,525.7496416968238,110,F,12.059819827934879,30.57084654683689
21,none,C9H96F19O56Pt64S,245,-8.966477109090786,75.57109269545424,217.62935539620958,544.9075978063022,97,F,8.966477109090786,34.724677908396934
22,none,C9H96F19O56Pt64S,245,-9.808132144128333,68.45798537192174,226.0297274079838,547.729534399846,108,F,9.808132144128333,30.287160081538758
23,none,C9H95F19O56Pt64S,244,-10.643563032928915,69.55360396339707,229.10612036098965,464.0086087564599,110,F,10.643563032928915,30.358684374649336
24,none,C9H95F19O56Pt64S,244,-11.227792608775923,104.72139705788544,235.2789367101354,1291.4212906684854,58,Pt,11.227792608775923,44.50946545499848
25,none,C9H95F19O56Pt64S,244,-9.994438203857051,69.77376739939182,257.4709213508402,464.5369366895757,122,F,9.994438203857051,27.099668977497966
26,none,C9H95F19O56Pt64S,244,-7.666488641707922,61.12760221409102,197.67283792451803,400.29747483284973,100,F,7.666488641707922,30.923622514810447
27,none,C9H95F19O56Pt64S,244,-11.072089316153548,64.31954335120494,197.24118058846153,416.8954067851646,110,F,11.072089316153548,32.60959154640529
28,none,C9H95F19O58Pt64S,246,-9.778639122184055,69.67275686163583,199.89760367561632,483.03117499335485,119,F,9.778639122184055,34.85422315251825
29,none,C9H97F19O58Pt64S,248,-9.288353011206416,71.45538380409883,203.0868017665446,516.7166249736016,110,F,9.288353011206416,35.1846516772859
30,none,C9H96F19O58Pt64S,247,-9.816907237610037,72.747192369231,307.12771414431046,509.08931108527935,68,O,9.816907237610037,23.68630019987359
31,none,C9H96F19O58Pt64S,247,-13.44865533501581,114.99074834192936,225.30942741300785,1335.9311945375084,113,C,13.44865533501581,51.03681175805543
32,none,C9H95F19O58Pt64S,246,-5.458586342558,98.61673332474754,291.6944605202576,538.6675358694409,63,Pt,5.458586342558,33.808229730814105
33,none,C9H95F19O58Pt64S,246,-8.018451375835689,86.61689727020703,207.9637728137607,896.0945838830397,56,Pt,8.018451375835689,41.649993216739574
34,none,C9H95F19O58Pt64S,246,-7.401210389254289,68.13502114261853,196.36050255961578,554.3681999358633,112,F,7.401210389254289,34.69894416364741
35,none,C9H95F19O58Pt64S,246,-8.783815195783973,67.65204698488076,195.0471195871186,560.0172618281418,112,F,8.783815195783973,34.68497618836339
36,none,C9H95F19O58Pt64S,246,-9.764531535608505,74.2748278285805,265.85613837781796,515.5767849088343,110,F,9.764531535608505,27.937977389495444
37,none,C9H95F19O58Pt64S,246,-11.628093198060089,83.03278930204573,271.29946413170194,615.5477671041908,115,F,11.628093198060089,30.605585443300978
38,none,C9H95F19O58Pt64S,246,-12.06927273502456,88.23480747433848,270.7988330494261,565.8579150161049,117,F,12.06927273502456,32.58315646368901
39,none,C9H95F19O58Pt64S,246,-9.805387573844822,66.74277475338876,241.12912186700856,453.8039247009519,101,F,9.805387573844822,27.679267537912658
40,none,C9H95F19O64Pt64S,252,-12.41510216422039,67.91586302005088,255.48144238806964,470.2935571313898,122,F,12.41510216422039,26.583481909769578
41,none,C9H95F19O64Pt64S,252,-12.231930318294973,78.21650300886074,264.77282624183476,475.9280583058804,130,F,12.231930318294973,29.540985802455562
42,none,C9H97F19O64Pt64S,254,-12.326837188699907,73.07840419031807,294.529846251273,479.5619226995121,118,F,12.326837188699907,24.811884133458076
43,none,C9H97F19O64Pt64S,254,-10.930012206535046,66.12596280354458,318.96181107411667,495.6998917691539,118,F,10.930012206535046,20.731623820689617
44,none,C9H97F19O64Pt64S,254,-13.35762834690207,186.73911219417258,385.7380812682729,1990.5952418443244,102,C,13.35762834690207,48.410857331013524
45,none,C9H97F19O64Pt64S,254,-11.569376053049332,70.69804870803121,228.11272539782487,443.70447240842645,117,F,11.569376053049332,30.992593063247554
46,none,C9H96F19O64Pt64S,253,-10.473310414691577,75.34661976597597,283.69957979164616,475.1767914064696,115,F,10.473310414691577,26.558594066763096
47,none,C9H96F19O64Pt64S,253,-4.12432880305571,81.4559129943606,284.25419289959996,566.6628488838077,105,F,4.12432880305571,28.656011073557412
48,none,C9H96F19O64Pt64S,253,-10.482852662965957,69.07721628773086,267.93537209196415,448.5908363552284,122,F,10.482852662965957,25.78129783626378
49,none,C9H96F19O64Pt64S,253,-9.457496908703163,70.53998774552369,255.65736690797675,452.62828974439327,129,F,9.457496908703163,27.591611616227897
50,none,C9H96F19O64Pt64S,253,-10.529976326759662,68.86095924411144,242.66606138200035,425.2837246010148,130,F,10.529976326759662,28.37683969976824
51,none,C9H96F19O64Pt64S,253,-10.323729992429119,73.32704951037844,228.2656154931482,407.4421604317416,118,F,10.323729992429119,32.123563311084624
52,none,C9H95F19O64Pt64S,252,-11.95934110208847,80.87535044187585,325.67797258733964,454.681337781442,116,F,11.95934110208847,24.832920015856114
53,none,C9H95F19O64Pt64S,252,-9.947500710993717,71.61262973199247,308.808030948687,499.2190928975865,107,F,9.947500710993717,23.19001533476698
54,none,C9H95F19O64Pt64S,252,-12.100630804308734,72.83409559491915,293.0834614678807,459.96599819706466,114,F,12.100630804308734,24.850974268604748
55,none,C9H95F19O64Pt64S,252,-5.882624000064208,77.80146906665621,392.3088050536077,428.5510449717211,121,F,5.882624000064208,19.83169076616185
56,none,C9H95F19O64Pt64S,252,-11.481374626681726,70.8959930342691,278.9912870845445,524.3986577897576,116,F,11.481374626681726,25.411543770822142
57,none,C9H95F19O64Pt64S,252,-9.799463378306154,66.03352355855284,259.7346190767965,523.4422379660787,107,F,9.799463378306154,25.423458679964615
58,none,Pt64,64,-8.350140363290848,25.49774832289213,233.84947943270666,158.05114480823644,57,Pt,8.350140363290848,10.903487313611683
59,none,Pt64,64,-11.197959025594173,32.4949207148032,167.89834446187382,256.3772898291627,57,Pt,11.197959025594173,19.353925626218498
60,none,Pt64,64,-9.908803556299972,19.129266234395175,196.60477251369616,105.63050645642242,57,Pt,9.908803556299972,9.72980766937515
61,none,Pt64,64,-11.739667899746564,26.934250986100285,127.94525727247216,211.75193841612287,57,Pt,11.739667899746564,21.051386788602187
62,none,Pt64,64,-8.987504685137537,17.708694335672764,151.36444798645246,72.52603661466578,57,Pt,8.987504685137537,11.699374966344635
63,none,H2O4Pt64,70,-12.316677093622275,104.1996554464653,1710.9971230823348,700.0566938166834,69,Pt,12.316677093622275,6.089995946851811
64,none,HO4Pt64,69,-15.25863511926508,31.190273910788964,314.0212408476949,137.25250332268914,64,O,15.25863511926508,9.932536355372445
65,none,O4Pt64,68,-18.986674026510787,31.07372804661512,322.7971769273111,182.3684608077875,67,O,18.986674026510787,9.626393992166927
66,none,O4Pt64,68,-24.47244649717023,49.95812418366375,167.6727302329801,282.26430376628696,67,O,24.47244649717023,29.79502040328638
67,none,O4Pt64,68,-17.117548012345864,30.03445952917792,221.50922495404396,152.42544113295196,65,O,17.117548012345864,13.559010707300839
68,none,O4Pt64,68,-17.851994061750112,20.47910036138514,273.40663101631355,91.9579914652655,67,O,17.851994061750112,7.490345162902504
69,none,O4Pt64,68,-14.09956515657113,24.528761554719168,180.3572797939426,243.9328302892039,64,O,14.09956515657113,13.600095090557568
70,none,O4Pt64,68,-16.03731012523092,39.5797417206822,200.04331240119586,260.61630328954936,64,O,16.03731012523092,19.78558605413574
71,none,O4Pt64,68,-15.196185523938553,41.938302368038954,190.33331548281345,217.5843407087747,55,Pt,15.196185523938553,22.034136410462448
72,none,O4Pt64,68,-13.856992957110325,18.787649939438573,162.7704155109106,88.66572868105408,67,O,13.856992957110325,11.542423038281932
73,none,O4Pt64,68,-15.206673498409252,19.74233865307569,164.839184181112,125.47932261250047,64,O,15.206673498409252,11.976726741976837
74,none,O4Pt64,68,-13.524906155533458,18.91927332624997,163.5725090130797,72.07609605931273,64,O,13.524906155533458,11.566291573321246
75,none,O4Pt64,68,-13.523235165527748,19.787189278961076,163.12116686608078,93.50247862114473,64,O,13.523235165527748,12.13036275985321
76,none,O4Pt64,68,-12.794374052592662,20.72667082666473,162.74816985124968,106.97330175336946,64,O,12.794374052592662,12.735424825734578
77,none,O4Pt64,68,-16.031841547587913,50.09762606053383,176.39991475221618,274.2834242000858,64,O,16.031841547587913,28.400028498258916
78,none,HO6Pt64,71,-16.21163429439881,31.116258847986423,383.44370542062126,161.21088479251736,50,Pt,16.21163429439881,8.11494840262229
79,none,O6Pt64,70,-19.095626731203602,41.6467701530109,409.886640283119,218.56879538722288,69,O,19.095626731203602,10.16055808119153
80,none,O6Pt64,70,-19.916253827977926,26.785613403903884,382.8606435437138,128.40905552206064,68,O,19.916253827977926,6.99617833684323
81,none,O6Pt64,70,-13.895595629167344,32.7078890223652,403.18449959871384,173.828309539273,48,Pt,13.895595629167344,8.11238751859734
82,none,O6Pt64,70,-13.781152290591438,86.87467196506019,373.1984240803648,659.1139495403523,54,Pt,13.781152290591438,23.278413401432942
83,none,O6Pt64,70,-13.407941512663715,39.113629046262645,373.4594381967788,227.49437174516206,48,Pt,13.407941512663715,10.473327233372357
84,none,HO12Pt64,77,-21.680894529661646,39.73442995201043,385.8956599566544,274.0866202730844,69,O,21.680894529661646,10.296677074956891
85,none,O12Pt64,76,-25.422172335981344,31.70669173075185,351.35543225628703,147.5587220240374,66,O,25.422172335981344,9.024107447874673
86,none,O12Pt64,76,-27.038502765782667,54.479686735095626,365.6080162004573,476.0806044539522,67,O,27.038502765782667,14.90111931933824
87,none,O12Pt64,76,-27.407703165648087,36.8671864206749,329.2273249345084,149.52830998441044,68,O,27.407703165648087,11.198094334365688
88,none,O12Pt64,76,-20.460865638788643,45.475309273258965,358.6102789873777,231.1780533042444,53,Pt,20.460865638788643,12.680983211543582
89,none,O12Pt64,76,-18.80441953452598,33.97688191087634,335.2005806104258,178.39911363708816,74,O,18.80441953452598,10.136283728686223
90,none,O12Pt64,76,-17.007262141927832,29.065248086570147,336.2371716627373,115.05525320760908,75,O,17.007262141927832,8.644269740563974
91,none,O12Pt64,76,-16.869503215084,36.83852841590473,345.6925284019986,290.06754007225595,74,O,16.869503215084,10.656443338881187
92,none,O16Pt64,80,-28.492163683040417,54.241106605351675,396.68043726193633,315.1888445072011,67,O,28.492163683040417,13.673753860852772
93,none,H2O16Pt64,82,-27.336540844549834,136.84270159423124,403.44156358458804,1137.5967305925212,78,O,27.336540844549834,33.91884078040461
94,none,H2O16Pt64,82,-34.853247371246674,53.599540915013655,316.81960837127235,225.59609284296207,52,Pt,34.853247371246674,16.91799986451653
95,none,H2O16Pt64,82,-32.141508508286236,50.052271345996694,379.6872707375441,337.5386094461747,55,Pt,32.141508508286236,13.182499178539736
96,none,O16Pt64,80,-32.71459040224727,36.877951175147686,390.031851852827,249.31649857417665,69,O,32.71459040224727,9.455112704247309
97,none,O16Pt64,80,-28.714913056683145,46.390437273550724,368.9411690822536,239.32007965071574,78,O,28.714913056683145,12.573938926075286
98,none,O16Pt64,80,-32.86563481124176,115.99604067461784,376.1701162358108,783.4902049243003,66,O,32.86563481124176,30.83605944973659
99,none,O16Pt64,80,-33.87308070268773,41.76058387800245,375.9284787173078,244.9020154182299,74,O,33.87308070268773,11.108651310614256
100,none,O16Pt64,80,-29.986348493548576,54.89143398780042,324.28702498839823,268.5687520128347,64,O,29.986348493548576,16.926805501935895
101,none,C444,444,-5.65089951592486,50.71247941740032,1613.330164181531,525.7817967244899,143,C,5.65089951592486,3.1433416757026666
102,none,C444,444,-5.208418860674683,55.75401083862121,1655.515278844295,480.0469162536293,142,C,5.208418860674683,3.367773861775697
103,none,C444,444,-5.814983356095901,56.22001999752546,1633.9115898331927,503.61350615774734,142,C,5.814983356095901,3.440823869990726
104,none,C444,444,-5.45026675847423,54.714677030837954,1628.3601752258312,450.30354060380444,328,C,5.45026675847423,3.3601090141651113
105,none,C444,444,-5.370895321722675,68.20459646726478,1629.1055074779777,676.2729476016135,332,C,5.370895321722675,4.186628561145342
106,none,C444,444,-6.117103888902568,54.82200229447527,1665.9954346790744,465.3789428853639,142,C,6.117103888902568,3.2906454095437416
107,none,C444,444,-5.1533928515808025,58.336092095167906,1603.2996988561476,476.50203429911437,174,C,5.1533928515808025,3.638502030330761
108,none,C9H95F19O52Pt64S,240,-7.0813280965618715,72.37346020394826,125.43805224757814,463.7920603058673,111,F,7.0813280965618715,57.696575247440975
109,none,C9H95F19O52Pt64S,240,-9.133465603008517,85.7474135413406,147.04015261072516,457.8489979987854,117,F,9.133465603008517,58.315645093451955
110,none,C9H95F19O52Pt64S,240,-7.678555911358369,69.06589775912252,111.6960803970639,447.61680802863805,105,F,7.678555911358369,61.8337702751994
111,none,C9H95F19O52Pt64S,240,-7.8927945549367,61.63034135436603,106.11982671811774,416.5641312362133,102,F,7.8927945549367,58.07617978690493
112,none,C9H95F19O52Pt64S,240,-8.712982373011377,68.77238452908486,123.22845876068192,466.1213189161399,103,F,8.712982373011377,55.808849044071486
113,none,C9H95F19O56Pt64S,244,-8.742844517610884,80.06366401088844,280.08476596338465,484.706010795221,114,F,8.742844517610884,28.5855118665594
114,none,C9H95F19O56Pt64S,244,-11.574329641603743,69.81638377429833,240.25806384126477,470.3429938890861,100,F,11.574329641603743,29.058913843751384
115,none,C9H97F19O56Pt64S,246,-12.181847198909844,70.75040462384104,173.91593142361472,478.74733019230484,100,F,12.181847198909844,40.68080712600799
116,none,C9H97F19O56Pt64S,246,-11.38835437290609,72.0643551783425,183.42845870544727,452.2869754222853,114,F,11.38835437290609,39.287445190860346
117,none,C9H97F19O56Pt64S,246,-15.603773819511696,74.30574945311464,198.26843798955534,508.63983396823363,100,F,15.603773819511696,37.477346473587
118,none,C9H97F19O56Pt64S,246,-9.335619228043996,76.6391926181442,142.6290604535761,465.322081175509,115,F,9.335619228043996,53.733224052954654
119,none,C9H97F19O56Pt64S,246,-8.895779307150827,73.13908457798809,111.14455509575934,447.82281027389183,105,F,8.895779307150827,65.8053689764409
120,none,C9H96F19O56Pt64S,245,-9.218418747376727,71.04411446993412,138.24409843349295,440.90157183401533,115,F,9.218418747376727,51.390341631192534
121,none,C9H96F19O56Pt64S,245,-7.951845318953297,65.58342038276778,118.50969009581425,447.04017561126574,114,F,7.951845318953297,55.340133224333
122,none,C9H96F19O56Pt64S,245,-8.59776246836599,68.43336057307418,120.3370482396872,454.17956730076924,121,F,8.59776246836599,56.86807311142341
123,none,C9H95F19O56Pt64S,244,-8.382256630880637,70.89327282647797,176.9080974494111,461.651139537964,58,Pt,8.382256630880637,40.073503614921144
124,none,C9H95F19O56Pt64S,244,-18.639547018941155,72.99237942970146,301.86177241298367,404.03560044297006,54,Pt,18.639547018941155,24.180729757936685
125,none,C9H95F19O56Pt64S,244,-10.466744327921512,69.63718950836208,156.72657084997743,468.4053644382847,114,F,10.466744327921512,44.43228045550778
126,none,C9H95F19O56Pt64S,244,-9.22529533284537,67.11585450557187,129.7537297211917,451.3018932012706,115,F,9.22529533284537,51.725568621254325
127,none,C9H95F19O56Pt64S,244,-10.021140907230771,67.43889664129749,107.35346123182808,505.40874460137474,121,F,10.021140907230771,62.819489811943996
128,none,C9H95F19O56Pt64S,244,-13.324137897799401,75.79526124234347,148.56869014223233,496.12149684106606,99,F,13.324137897799401,51.016981552291284
129,none,C9H95F19O56Pt64S,244,-7.352974025110837,66.03269228029401,117.4396320934455,451.83381084809616,100,F,7.352974025110837,56.22692365704321
130,none,C9H95F19O56Pt64S,244,-9.355577104677232,86.00126547982336,230.9118170582048,493.0443034776803,121,F,9.355577104677232,37.24420281970474
131,none,C9H95F19O56Pt64S,244,-11.295830940428862,75.88969629609367,177.52925741017432,517.5493159530829,61,Pt,11.295830940428862,42.747712350733
132,none,C9H95F19O56Pt64S,244,-9.851156160202962,76.65789202921307,192.63644698052144,483.94778688114667,108,F,9.851156160202962,39.79407491717514
133,none,C9H95F19O56Pt64S,244,-9.51434214566987,76.9932181595084,126.47484043416976,439.19282725788565,121,F,9.51434214566987,60.876311759083364
134,none,C9H95F19O58Pt64S,246,-11.115463159039495,63.692265510954776,129.5470684753709,423.6370058095987,125,F,11.115463159039495,49.165346819919556
135,none,C9H95F19O58Pt64S,246,-10.622742701898238,76.85751459662957,142.81823956258,508.3916657341057,64,O,10.622742701898238,53.814915260142385
136,none,C9H95F19O58Pt64S,246,-10.999311061364947,67.647382199635,107.28948749130545,479.9015092725043,110,F,10.999311061364947,63.05126791207482
137,none,C9H95F19O58Pt64S,246,-10.964131227418084,66.54759207114077,118.83357952669432,510.74497321593424,107,F,10.964131227418084,56.00066272193019
138,none,C9H95F19O58Pt64S,246,-11.019897488077413,64.90041358387569,125.18207790578894,450.6651300755674,109,F,11.019897488077413,51.844812508000736
139,none,C9H95F19O58Pt64S,246,-9.975622319005907,68.26059162500252,106.67861481135402,510.07897450563877,57,Pt,9.975622319005907,63.987137202439
140,none,C9H95F19O58Pt64S,246,-10.175934645022659,71.74495053246876,127.52807714214187,536.3402702794259,101,F,10.175934645022659,56.258160665672364
141,none,C9H95F19O58Pt64S,246,-8.92478477600697,66.48048062261887,115.76717825569193,449.91651055626954,102,F,8.92478477600697,57.42601799949306
142,none,C9H95F19O58Pt64S,246,-9.139116512274567,63.31238554777112,115.32486574313631,433.5349465430481,101,F,9.139116512274567,54.89916258717971
143,none,C9H95F19O58Pt64S,246,-11.560949765957847,68.26789812419102,147.6555613839386,486.8555431976487,101,F,11.560949765957847,46.23455932464251
144,none,C9H95F19O58Pt64S,246,-14.639378333065803,113.0675680605573,207.29298134437155,897.6957855781916,57,Pt,14.639378333065803,54.54481252923875
145,none,C9H95F19O58Pt64S,246,-11.0806838809929,72.49622656591696,116.39658224430524,539.435783799303,100,F,11.0806838809929,62.28381037318978
146,none,C9H95F19O58Pt64S,246,-10.949960104459556,69.83359466345996,109.43318545120968,441.31239607479426,100,F,10.949960104459556,63.813910173157645
147,none,C9H95F19O58Pt64S,246,-7.718576412700965,74.14112637291268,131.5890890540837,492.46714023238366,121,F,7.718576412700965,56.34291331133111
148,none,C9H95F19O58Pt64S,246,-11.550087572952801,66.23836010828921,115.83691800520472,477.91999177432933,102,F,11.550087572952801,57.182426163404166
149,none,C9H95F19O58Pt64S,246,-11.411697674037253,66.46519822814423,115.52820474985313,466.2939740691454,101,F,11.411697674037253,57.531577134828396
150,none,C9H95F19O58Pt64S,246,-8.097649277334586,69.59427731438971,111.25132975409083,513.8140484291044,116,F,8.097649277334586,62.555906044647216
151,none,C9H95F19O58Pt64S,246,-11.64909375973928,76.0402203446305,205.59140002531993,434.2401628720462,67,O,11.64909375973928,36.98609004815651
152,none,C9H95F19O58Pt64S,246,-9.941089120471085,92.9019708254721,255.1212468617421,879.7096874391186,57,Pt,9.941089120471085,36.41483097478686
153,none,C9H95F19O58Pt64S,246,-9.80057408470032,83.97729532185886,201.35061928978683,475.95550298300265,100,F,9.80057408470032,41.7069962923717
154,none,C9H95F19O58Pt64S,246,-10.428272897441023,109.6454886516661,236.45224795140476,570.5465936127619,123,F,10.428272897441023,46.37109166929986
155,none,C9H95F19O58Pt64S,246,-10.683678513642674,77.64175260849977,166.93362301581985,513.8067968857193,116,F,10.683678513642674,46.51055383919983
156,none,C9H95F19O58Pt64S,246,-9.879112991833741,104.32874796172031,196.0338890544041,635.2942213266635,236,H,9.879112991833741,53.21975116902699
157,none,C9H95F19O58Pt64S,246,-9.229526626006738,81.48607483306571,146.00787186390576,509.08708704931036,61,Pt,9.229526626006738,55.80937095571056
158,none,C9H95F19O58Pt64S,246,-9.399848935483933,72.27771457160748,112.7675825912072,488.45890906262485,99,F,9.399848935483933,64.09440808323505
159,none,C9H95F19O58Pt64S,246,-10.057434309283423,75.21045384733674,159.97461993911938,517.7283090942603,121,F,10.057434309283423,47.01399126683917
160,none,C9H95F19O58Pt64S,246,-11.342382694171492,73.05221475060927,133.70266173395427,571.3427131597099,116,F,11.342382694171492,54.63781633305913
161,none,C9H95F19O58Pt64S,246,-8.155029412828446,63.03610169995481,109.09229270832161,463.5397612767941,120,F,8.155029412828446,57.782360362059194
162,none,C9H95F19O58Pt64S,246,-8.100718943988033,66.43404067741487,108.40505888763185,539.3840898781812,102,F,8.100718943988033,61.28315537956362
163,none,C9H95F19O58Pt64S,246,-8.114212693275535,67.88294602803633,111.62609458465518,462.09517275852556,116,F,8.114212693275535,60.81279317405049
164,none,C9H95F19O58Pt64S,246,-10.62130361047244,71.31469750578678,121.39623670297391,448.3267573183194,99,F,10.62130361047244,58.74539396165626
165,none,C9H95F19O58Pt64S,246,-8.351867873462039,70.3011884189934,109.2178791822375,491.8419243072047,120,F,8.351867873462039,64.36783880566942
166,none,C9H95F19O58Pt64S,246,-11.299477523969811,73.15320931916526,128.6098325062825,518.9569176242896,120,F,11.299477523969811,56.87995069552072
167,none,C9H95F19O64Pt64S,252,-13.670234072335353,69.6465346805929,238.52537105766882,470.4940328675471,105,F,13.670234072335353,29.198795235813424
168,none,C9H95F19O64Pt64S,252,-14.619852871830863,67.2174865525933,222.60894749739552,441.9986906189334,107,F,14.619852871830863,30.195321126245265
169,none,C9H95F19O64Pt64S,252,-10.273362904655865,65.83933843585487,225.53624553999512,478.9213281628376,106,F,10.273362904655865,29.192353662808205
170,none,C9H95F19O64Pt64S,252,-13.28792200989223,76.03427110637014,281.53035635940967,516.0442709002646,126,F,13.28792200989223,27.007485831937295
171,none,C9H95F19O64Pt64S,252,-8.680048199219902,74.23516654966333,262.14771792564494,423.28377730089494,108,F,8.680048199219902,28.318067056650577
172,none,C9H95F19O64Pt64S,252,-8.089290214041876,68.28736553672007,217.9633888925472,446.0599679316777,113,F,8.089290214041876,31.32974114766804
173,none,C9H95F19O64Pt64S,252,-11.626200882707804,64.28120903708574,279.7793385868371,377.54017180136316,115,F,11.626200882707804,22.975681250005646
174,none,C9H95F19O64Pt64S,252,-8.936766135212522,73.01270495355635,254.35921911042797,478.6642993056425,105,F,8.936766135212522,28.704564044859126
175,none,C9H95F19O64Pt64S,252,-11.647577629085548,68.7902402386215,210.9363077564257,437.571903327716,115,F,11.647577629085548,32.61185377249306
176,none,C9H95F19O64Pt64S,252,-9.850089341708799,69.3853447651787,340.0836342089755,469.14259128340086,107,F,9.850089341708799,20.40243569102258
177,none,C9H95F19O64Pt64S,252,-10.426766909072212,63.485505455254625,248.73262843367112,494.4298066848763,107,F,10.426766909072212,25.52359368975355
178,none,C9H95F19O64Pt64S,252,-10.00724569848177,65.75771289368977,259.8409473475303,483.5479014173855,106,F,10.00724569848177,25.306909309309358
179,none,C9H95F19O64Pt64S,252,-10.646521208400372,69.38152477143304,261.0215109937559,437.6061102289277,115,F,10.646521208400372,26.580768959341732
180,none,C9H95F19O64Pt64S,252,-9.276000054558695,65.26699938341051,212.23002091795576,481.94666783542476,127,F,9.276000054558695,30.752953376299924
181,none,C9H95F19O64Pt64S,252,-11.99127296399277,83.55708874615145,251.1074019398789,526.1495582388843,131,F,11.99127296399277,33.275438358506456
182,none,C9H95F19O68Pt64S,256,-12.020051905551554,67.36126533368957,153.29604119785438,427.9306077662128,117,F,12.020051905551554,43.94194710269687
183,none,C9H95F19O68Pt64S,256,-11.82263798045824,70.90925280143175,143.6638327147239,503.28832843680283,121,F,11.82263798045824,49.35776211834585
184,none,C9H95F19O68Pt64S,256,-8.801537058616304,71.19433645783069,143.00921544052562,454.6371302148859,133,F,8.801537058616304,49.78304107083144
185,none,C9H95F19O68Pt64S,256,-13.039384711646562,73.97156378904377,197.88484057698327,519.0658118901757,111,F,13.039384711646562,37.38111700389023
186,none,C9H95F19O68Pt64S,256,-9.404845244148419,70.57578743444273,152.7355835118489,480.5503844907173,56,Pt,9.404845244148419,46.20782257264079
187,none,C9H95F19O68Pt64S,256,-12.560900940457032,68.17166783091105,140.38463323315753,482.4220427980551,131,F,12.560900940457032,48.56063392471758
188,none,C9H95F19O68Pt64S,256,-12.560900928860974,68.17166783091102,140.38463323315753,482.4220427980615,131,F,12.560900928860974,48.560633924717564
189,none,C9H95F19O68Pt64S,256,-11.783546258584465,67.2870573002568,138.02426643193476,436.2265318860954,126,F,11.783546258584465,48.75016476427985
190,none,C9H95F19O68Pt64S,256,-7.65333664787704,82.29887329247121,165.63239548599694,535.2633645067143,126,F,7.65333664787704,49.68766710823126
191,none,C9H95F19O68Pt64S,256,-14.210480084898336,63.77151550176159,155.93566341919444,442.92493568288313,134,F,14.210480084898336,40.896042703411375
192,none,C9H95F19O68Pt64S,256,-12.953482379998604,70.8867249332855,152.53261130172905,491.13638523011394,110,F,12.953482379998604,46.47316028246739
193,none,C9H95F19O68Pt64S,256,-16.134985259213863,66.77629248845435,150.6689577440628,496.39690648602124,109,F,16.134985259213863,44.319874172014515
194,none,C9H97F19O68Pt64S,258,-8.430846310049194,60.6242658616887,136.8925180793345,444.6953848758825,119,F,8.430846310049194,44.28603309536216
195,none,C9H97F19O68Pt64S,258,-7.901376058133644,74.25850455243942,168.2950374668838,476.51446292158414,110,F,7.901376058133644,44.12400131943974
196,none,C9H96F19O68Pt64S,257,-9.402600906455005,67.32528698747043,145.75018461262937,428.64113661998755,135,F,9.402600906455005,46.19224817203878
197,none,C9H96F19O68Pt64S,257,-10.626396858373454,58.946414333308724,132.60656976933026,404.3458275188002,131,F,10.626396858373454,44.45210703801952
198,none,C9H96F19O68Pt64S,257,-10.626396837083492,58.946414068459205,132.60656941621454,404.3458275188042,131,F,10.626396837083492,44.45210695666447
199,none,C9H96F19O68Pt64S,257,-9.507331351889116,68.12106239182435,199.11135766213656,538.0026582382117,135,F,9.507331351889116,34.21254477477675
200,none,C9H96F19O68Pt64S,257,-8.622257568821826,66.53649518198031,148.58222098645123,379.3447192871153,118,F,8.622257568821826,44.7809265067101
201,none,C9H96F19O68Pt64S,257,-13.376056089710104,78.96219471601228,154.67195921767498,492.03221329101746,120,F,13.376056089710104,51.05139620355242
202,none,C9H96F19O68Pt64S,257,-7.821762853130836,69.89362895827313,165.1567415635195,425.43981567349897,131,F,7.821762853130836,42.31957369502349
203,none,C9H96F19O68Pt64S,257,-11.302093613996073,68.81961992959215,164.0666573732357,494.04059220599913,135,F,11.302093613996073,41.94613398689181
204,none,C9H96F19O68Pt64S,257,-16.345861258487133,76.41867545722927,168.68691109666736,538.486025832221,135,F,16.345861258487133,45.302077654049256
205,none,C9H96F19O68Pt64S,257,-10.79715029501849,66.29213064853653,146.05954818602916,469.00013237207634,111,F,10.79715029501849,45.38705717759949
206,none,C9H96F19O68Pt64S,257,-10.764500866408536,66.85656902605433,156.99217934397578,475.156033672505,135,F,10.764500866408536,42.585923264093985
207,none,C9H96F19O68Pt64S,257,-12.403536425560988,71.61514019747185,180.35414108904897,473.5362297819075,111,F,12.403536425560988,39.708065345786665
208,none,C9H96F19O68Pt64S,257,-12.007590933772645,65.52170932613595,163.64324575408256,431.7913111958008,135,F,12.007590933772645,40.03936063734627
209,none,C9H95F19O68Pt64S,256,-14.461801205243319,80.22518757482767,245.13232809509222,482.43076673836407,131,F,14.461801205243319,32.72729802643842
210,none,C9H95F19O68Pt64S,256,-12.497270879066491,75.90686757074123,239.70843961004337,474.4940285400297,49,Pt,12.497270879066491,31.666330853526134
211,none,C9H95F19O68Pt64S,256,-12.89055687891505,64.18724374634147,157.23607490902174,446.9920512354744,133,F,12.89055687891505,40.82221194053642
212,none,C9H95F19O68Pt64S,256,-12.917569515593641,72.30659169173587,181.93632561389023,505.56160233490124,131,F,12.917569515593641,39.742800921013824
213,none,C9H95F19O68Pt64S,256,-12.209469344952595,72.27408635439193,144.67852532239218,515.6266758914804,130,F,12.209469344952595,49.954950946134595
214,none,C9H95F19O68Pt64S,256,-11.230126316831957,72.38372166440233,148.15084078698018,502.56606677530425,130,F,11.230126316831957,48.85812411181642
215,none,C9H95F19O68Pt64S,256,-11.230126322175238,72.38372166440217,148.15084078698018,502.5660667753039,130,F,11.230126322175238,48.85812411181632
216,none,C9H95F19O68Pt64S,256,-8.715908202475475,86.66870956278403,161.49969308876956,481.1753644889863,60,Pt,8.715908202475475,53.66493762631852
217,none,C9H95F19O68Pt64S,256,-14.843172542668981,78.26004378583863,265.7939821703166,487.02403251086275,106,C,14.843172542668981,29.4438734642573
218,none,C9H95F19O68Pt64S,256,-15.90336032063533,77.07350690195396,179.7769338570256,494.6113045637727,56,Pt,15.90336032063533,42.87174402654435
219,none,C9H95F19O68Pt64S,256,-10.770885657166218,108.84865238791006,164.8663148811842,797.3715259176234,53,Pt,10.770885657166218,66.02237240903642
220,none,C9H95F19O68Pt64S,256,-12.253679557261421,93.04025659958133,266.06193844770394,963.8195640940841,48,Pt,12.253679557261421,34.96939740513427
221,none,C9H95F19O68Pt64S,256,-10.185130596369163,64.27221333001259,166.96508732908367,543.1228197265636,126,F,10.185130596369163,38.494402846826176
222,none,C9H95F19O68Pt64S,256,-10.482050350788086,69.51158735547945,156.5478775214257,461.7206590812497,135,F,10.482050350788086,44.4027657583322
223,none,C9H95F19O68Pt64S,256,-7.258544014121071,71.34819568850816,133.41009177250282,484.84805444334773,126,F,7.258544014121071,53.480358749902116
224,none,C9H95F19O68Pt64S,256,-11.946009840016814,77.7500957982678,152.95902281258066,460.2284175378132,122,F,11.946009840016814,50.830669788950146
225,none,C9H95F19O68Pt64S,256,-10.269286106108666,64.74890092207978,166.24262596481447,459.6838141881641,126,F,10.269286106108666,38.94843488323145
226,none,C9H95F19O68Pt64S,256,-11.704171375754413,78.89448461368025,162.77024443748013,583.1815759709829,61,Pt,11.704171375754413,48.46984464902216
227,none,C9H95F19O68Pt64S,256,-10.62233867287432,68.2149310832556,144.3336207099804,545.6887150516803,126,F,10.62233867287432,47.261982861446135
228,none,C9H95F19O68Pt64S,256,-10.729379901590619,71.19521881138787,145.31091040715052,468.6427620914158,135,F,10.729379901590619,48.99509514592132
229,none,C9H95F19O68Pt64S,256,-10.729379852818965,71.19521834722308,145.3109100548731,468.6427620914177,135,F,10.729379852818965,48.995094945271454
230,none,C9H95F19O68Pt64S,256,-11.306067034524858,74.72814029423223,152.67322440283883,501.8819366355083,55,Pt,11.306067034524858,48.94646103566719
231,none,C88H4F180O20S4,296,-6.815999571109707,132.62102286529483,1104.7890549744386,457.99992772656805,25,F,6.815999571109707,12.004194128114644
232,none,C88H4F180O20S4,296,-6.29539359893848,136.52098755518048,1132.7436483386216,520.3382692500303,51,F,6.29539359893848,12.052240394851369
233,none,C400Pt87,487,1.522520702863896,72.51534682458181,1582.9714415854385,577.3598835779891,420,Pt,1.522520702863896,4.58096368131275
234,none,C400Pt87,487,1.3931563563426876,58.84544044049271,1583.879341939636,366.95670540213524,412,Pt,1.3931563563426876,3.7152729303502334
235,none,C400Pt87,487,1.7451006004556218,56.55578832276117,1619.2930971381402,419.8682594265417,420,Pt,1.7451006004556218,3.492622084458651
236,none,C400Pt87,487,1.9372713206349288,54.51914162738052,1542.0724907188014,339.6338537398675,460,Pt,1.9372713206349288,3.535446093196805
237,none,C400Pt87,487,1.3673364332288092,58.342376438274044,1551.6117042860217,664.2759701277475,408,Pt,1.3673364332288092,3.7601144846429504
238,none,C400Pt21,421,-1.432840999086153,50.21464349931461,1740.0211698255287,300.2141544401393,288,C,1.432840999086153,2.885863940629505
239,none,C2H2F4O4Pt64S,77,-36.99122714982428,111.80091634448225,1081.8447720169163,431.09667811840006,44,Pt,36.99122714982428,10.33428447743463
240,none,H116O58Pt64,238,-5.3939199091733565,42.27153156989941,175.26419034612007,217.10301375822232,124,O,5.3939199091733565,24.118749806460507
241,none,H116O58Pt64,238,-4.431143702651538,44.00792917160539,185.50582110222035,242.05279113546513,58,Pt,4.431143702651538,23.723206587331536
242,none,H116O62Pt64,242,-8.51906958256929,52.300398125216475,181.63056695046933,274.26890839908435,66,O,8.51906958256929,28.794931934270068
243,none,H116O62Pt64,242,-8.012628148012594,62.973975876264646,231.26466139232912,570.3312594519838,59,Pt,8.012628148012594,27.230263152670954
244,none,H116O62Pt64,242,-7.322101130040578,46.43652934108421,200.9127915943226,379.0320552777339,63,Pt,7.322101130040578,23.112778918948838
245,none,H116O62Pt64,242,-8.18343591779636,56.21186579298707,240.5237187289243,278.92745219434397,52,Pt,8.18343591779636,23.370612299712164
246,none,H116O62Pt64,242,-5.777620685778458,48.037629170310375,228.77187935224563,247.55960406182072,74,O,5.777620685778458,20.998048058321743
247,none,H116O62Pt64,242,-6.107695659402227,42.878835978303925,165.52914176516865,192.3254405463111,179,O,6.107695659402227,25.904100946245993
248,none,H116O62Pt64,242,-6.397314916157033,46.412024727070786,168.3502411100259,217.72709622809546,92,O,6.397314916157033,27.568730772852316
249,none,H116O64Pt64,244,-8.880141212416003,78.94637995597218,285.98429831160115,393.12721849120527,61,Pt,8.880141212416003,27.605144905527027
250,none,H116O64Pt64,244,-6.4225860805294595,46.7399479138816,219.74422772600553,258.7424606876296,217,O,6.4225860805294595,21.270159583968983
251,none,H116O64Pt64,244,-9.38496285988415,48.040390182553956,175.92535319099002,306.73775367166627,58,Pt,9.38496285988415,27.307258056432502
252,none,H116O64Pt64,244,-6.849810434553055,51.12830651036151,293.3623801272364,299.0295114897123,69,O,6.849810434553055,17.428378679020216
253,none,H116O64Pt64,244,-4.901906661617715,53.68662042931175,210.6251717900729,270.9481461958656,61,Pt,4.901906661617715,25.489175853501706
254,none,H116O64Pt64,244,-8.295682326773159,51.915325101157144,186.10611311777149,308.51577718323085,66,O,8.295682326773159,27.895550678823827
255,none,H116O64Pt64,244,-8.034562211355851,51.591988493378366,180.48003034724871,293.56433216208563,63,Pt,8.034562211355851,28.585981725575905
256,none,H116O64Pt64,244,-9.403566808986561,47.280910612985515,245.43714685099795,259.9113248104052,121,O,9.403566808986561,19.263958703728417
257,none,H116O64Pt64,244,-9.45256221058996,47.4243308962975,172.5671304602731,261.2701077195143,91,O,9.45256221058996,27.481670912535176
258,none,H116O74Pt64,254,-15.018827176362269,56.07135658149574,307.5238758936962,361.4722724296478,89,O,15.018827176362269,18.233171788221835
259,none,H116O74Pt64,254,-16.694167631863447,60.507838365346394,332.6553671618475,410.5156378377329,64,O,16.694167631863447,18.18934679502928
260,none,H116O74Pt64,254,-15.109070966191641,53.63779318385226,233.0632163973018,494.7640456739825,69,O,15.109070966191641,23.014267979729656
261,none,H116O74Pt64,254,-14.306430067701125,51.96861719098134,239.82737103784524,365.1501148035713,59,Pt,14.306430067701125,21.66917686087656
262,none,H118O74Pt64,256,-10.426983007732815,49.45153100407094,200.66010704839908,244.2066309734452,73,O,10.426983007732815,24.644425706472518
263,none,H118O74Pt64,256,-8.522304735038233,51.04216624122188,205.49413158172112,255.01470447908747,76,O,8.522304735038233,24.83874641496678
264,none,H118O74Pt64,256,-8.685321784355438,48.57124031995751,191.77598640556494,257.9341163717156,89,O,8.685321784355438,25.327071042794582
265,none,H117O74Pt64,255,-7.507715216956521,55.09679046321356,194.0308634644224,388.0276366384052,62,Pt,7.507715216956521,28.395889952484872
266,none,H117O74Pt64,255,-9.54941970743604,77.47834540072952,198.3815034653757,868.2142789945094,52,Pt,9.54941970743604,39.055226443654874
267,none,H116O74Pt64,254,-12.25714517840254,49.92397654494411,279.66133359825153,283.24602430338524,56,Pt,12.25714517840254,17.85158352161138
268,none,H116O74Pt64,254,-8.282422909525032,70.35586004209527,204.57490281962626,531.5716520910779,83,O,8.282422909525032,34.391246957662275
269,none,H116O74Pt64,254,-9.547891528973555,54.2079001941778,178.70935968641302,320.9020338439443,55,Pt,9.547891528973555,30.332994471749057
270,none,H116O74Pt64,254,-11.09892412044812,54.13517290292504,204.44646003026315,342.48628299194917,53,Pt,11.09892412044812,26.47889960770741
271,none,H116O74Pt64,254,-7.755251947376056,53.107541063593615,205.4327509518415,325.92266552428606,64,O,7.755251947376056,25.85154548996101
272,none,H116O74Pt64,254,-9.600691267016058,51.33400626567292,211.06496360690142,219.36579922897806,161,O,9.600691267016058,24.321424735030913
273,none,C32H92O42,166,8.32256193919979,53.47570395857753,1477.126804099027,284.2974587215529,40,O,8.32256193919979,3.620251410385517
274,none,C32H92O42,166,3.289683807013782,78.8956557756177,1305.0598176581095,504.5176495685244,13,C,3.289683807013782,6.045367017520589
275,none,C32H92O42,166,8.22402284382362,58.94133151526426,1218.1701601876982,365.8195806667566,26,C,8.22402284382362,4.83851381700094
276,none,C32H92O42,166,7.062056250687014,50.25532233805619,1302.5413298751096,229.927916490642,8,C,7.062056250687014,3.858251648941901
277,none,C32H92O42,166,1.712755440451704,68.77643046394638,1145.4288389490632,359.33790795604216,148,O,1.712755440451704,6.004426300899592
278,none,C32H92O42,166,8.282663716283468,51.33836887529594,1330.8831933798572,234.5338604017744,10,C,8.282663716283468,3.857466164624042
279,none,C32H92O42,166,7.514662610940076,127.49567560796213,1296.8325174808099,1093.4824673959213,25,C,7.514662610940076,9.831313904406995
280,none,C32H92O42,166,7.5124270129583826,52.05345055336456,1235.751461666364,365.38518656045954,23,C,7.5124270129583826,4.212291238820179
281,none,C32H92O42,166,8.27108376377356,46.32772040576844,1325.7384440633787,222.40675006303323,109,O,8.27108376377356,3.494484195824805
282,none,C44H62F90O40S2,238,-4.013431577785762,102.36613745091692,1208.8407374100962,457.5476345846037,65,F,4.013431577785762,8.468124400757143
283,none,C44H62F90O40S2,238,-4.015034782952637,106.27429597017087,1236.5555846333239,459.88708548717534,19,F,4.015034782952637,8.594380818043405
284,none,C44H62F90O40S2,238,-3.807217023516868,108.51318556542337,1231.8722751992514,479.1363697516861,50,F,3.807217023516868,8.808801671250514
285,none,C44H38F90O28S2,202,-3.0501301051405636,121.29475029577146,1268.5169989071567,466.3563507678625,54,F,3.0501301051405636,9.561933375766223
286,none,C44H50F90O34S2,220,-5.507767257288585,108.52377741554793,1199.950539118221,524.9547293907511,88,F,5.507767257288585,9.044020889002324
287,none,C44H50F90O34S2,220,-4.547121436851078,108.96559716691266,1114.4674272236925,479.2268845936229,57,F,4.547121436851078,9.777369396821449
288,none,C44H50F90O34S2,220,-4.509136788031108,115.99623838111393,1288.2584048655297,547.1902162331027,53,F,4.509136788031108,9.00411267980214
289,none,C44H50F90O34S2,220,-4.121620455672118,109.72829041483718,1295.9523381928022,492.3741312814082,92,F,4.121620455672118,8.46700045835425
290,none,C44H50F90O34S2,220,-4.480228842029729,109.71855631517326,1266.145812178575,430.1960918171184,121,F,4.480228842029729,8.665554571979957
291,none,C44H62F90O40S2,238,-5.037918009835847,108.24419542654998,1187.7227251297443,452.3480327605008,44,F,5.037918009835847,9.113591340497894
292,none,C44H62F90O40S2,238,-4.76333023376172,109.97571507317585,1219.1817881490733,532.9543668290221,116,F,4.76333023376172,9.020452580754
293,none,C44H62F90O40S2,238,-4.987283166707787,111.9911722335211,1098.6831393248935,512.8912999747538,86,F,4.987283166707787,10.19321842895816
294,none,C44H62F90O40S2,238,-5.6826188888752,108.5405933703015,1161.3054792334858,518.7387293039307,61,F,5.6826188888752,9.346429110275377
295,none,C44H38F90O28S2,202,-4.841306476766189,116.07335411622604,1184.1406057021086,486.00929444919007,125,F,4.841306476766189,9.802328672565286
296,none,C44H38F90O28S2,202,-4.681055258632762,119.21521046775267,1171.5421827682533,464.8903764029933,41,F,4.681055258632762,10.175921295984187
297,none,C44H2F90O10S2,148,-7.63909934431541,130.6442805766392,1192.3915524701868,477.7899931690816,18,F,7.63909934431541,10.956491624415941
298,none,C44H50F90O34S2,220,-3.712663125638342,117.67233693142941,1300.7896025923626,531.9908565948996,14,F,3.712663125638342,9.046223670370559
299,none,C44H50F90O34S2,220,-3.2088706316161817,109.92003343511293,1157.7567221438821,440.0601468954394,54,F,3.2088706316161817,9.494225456239885
300,none,C44H50F90O34S2,220,-3.400743337988388,110.06551702891716,1244.9929198708235,466.0850769533673,115,F,3.400743337988388,8.840654052903146
301,none,C44H50F90O34S2,220,-3.260068438447144,120.6312557464967,1224.0895086333232,513.6220848249538,87,F,3.260068438447144,9.854774090922453
302,none,C18H2F38O10S2,70,-12.423762807468718,125.89567803254143,1220.9650356258348,407.8805584140763,52,F,12.423762807468718,10.311161610619799
303,none,C18H2F38O10S2,70,-11.747828445160328,136.164460518308,1281.4511594919272,488.5427168346598,51,F,11.747828445160328,10.625801811463093
304,none,C18H50F38O34S2,142,-7.770630807704358,88.22476941107738,1096.2004132864488,420.67779704993274,30,F,7.770630807704358,8.048233547602514
305,none,C18H50F38O34S2,142,-6.697883797808662,83.10016267628414,1106.000349047012,437.03740222187946,30,F,6.697883797808662,7.513574724265468
306,none,C18H50F38O34S2,142,-7.2395112996238025,87.18580164559687,1099.8786187404314,378.36159291987235,30,F,7.2395112996238025,7.926856669460587
307,none,C18H62F38O40S2,160,-6.838782036766133,81.58471994444612,1130.8828950296845,455.2427463934518,8,F,6.838782036766133,7.214250060993681
308,none,C18H62F38O40S2,160,-5.3473892599413375,87.76767584107624,1095.490307174727,406.4470210540385,45,F,5.3473892599413375,8.011725459025682
309,none,C18H62F38O40S2,160,-7.917262312184903,80.92512408913073,1179.470417430645,361.7734872164306,64,F,7.917262312184903,6.861140635084158
310,none,C18H62F38O40S2,160,-7.188350938531585,80.19559567961814,1082.7357954911524,385.89000984876725,18,F,7.188350938531585,7.406755739819212
311,none,C18H62F38O40S2,160,-7.323427236042335,75.96650321762954,1148.3994372508464,406.2843642578483,19,F,7.323427236042335,6.614989589291837
312,none,C18H62F38O40S2,160,-7.750469195480036,84.27588120575753,1177.3585663800277,410.9413549507586,54,F,7.750469195480036,7.158047141481872
313,none,C18H62F38O40S2,160,-4.7322703209374595,79.33667696628011,1164.1630759048853,376.9209104062519,67,F,4.7322703209374595,6.814910952626889
314,none,C18H62F38O40S2,160,-7.92610177518327,75.69131587641098,1130.5034104839672,390.89134399690226,61,F,7.92610177518327,6.695363779929476
315,none,C18H62F38O40S2,160,-7.141386221928769,83.10564340275418,1111.4512257802683,434.9132874385325,69,F,7.141386221928769,7.47721910553581
316,none,C18H62F38O40S2,160,-6.049035154228477,81.71070475745945,1088.0710065060648,374.2097963049018,43,F,6.049035154228477,7.50968496255065
317,none,C18H38F38O28S2,124,-7.214689015933301,88.7968005803995,1343.735617251533,410.06526419760365,11,F,7.214689015933301,6.608204727208454
318,none,C18H38F38O28S2,124,-8.34425818685568,88.32632145668089,1183.1119859618361,355.8041101734047,30,F,8.34425818685568,7.465592649276909
319,none,C18H50F38O34S2,142,-6.333144141382023,81.9087148399265,1221.964261936835,365.07870720599857,54,F,6.333144141382023,6.703036855603267
320,none,C18H50F38O34S2,142,-7.740488179299807,83.19655233454739,1141.2779214489778,448.2269998174255,34,F,7.740488179299807,7.289771472046022
321,none,C18H50F38O34S2,142,-6.969740368039708,82.66094682217424,1210.6151060281252,374.2487484844538,59,F,6.969740368039708,6.82801217418923
322,none,C18H62F38O40S2,160,-6.7432326109610585,77.70730131604543,1204.4579441264698,389.69493820894695,29,F,6.7432326109610585,6.4516408974663255
323,none,C18H62F38O40S2,160,-6.740315965907939,80.23827029064716,1355.8203483937205,405.2405487567316,30,F,6.740315965907939,5.918060632863916
324,none,C18H62F38O40S2,160,-5.953255508029542,79.51313376919515,1233.9152343629703,448.7176573789585,68,F,5.953255508029542,6.443970505822076
325,none,C18H62F38O40S2,160,-7.1680330007893645,73.92545902103166,1185.485938279928,359.7868743593461,17,F,7.1680330007893645,6.235878185809041
326,none,C18H62F38O40S2,160,-7.193196194657503,85.90769452613823,1118.3798152951547,427.47986586901436,45,F,7.193196194657503,7.681441792068295
327,none,C18H62F38O40S2,160,-5.97684983513318,82.7205160566989,1115.1627631926042,408.59161664419787,59,F,5.97684983513318,7.4177975437305665
328,none,C18H62F38O40S2,160,-7.577464519999921,79.0039347172443,1226.1162611432899,385.56116677852265,19,F,7.577464519999921,6.443429324033043
329,none,C18H62F38O40S2,160,-7.6429438519426185,73.12490776172862,1196.6609303022396,387.25928343132637,64,F,7.6429438519426185,6.110745818638828
330,none,C18H62F38O40S2,160,-6.838661905885601,81.86800349282525,1201.1146957246492,370.44129029983867,44,F,6.838661905885601,6.816002150688295
331,none,C18H62F38O40S2,160,-6.504276314808521,78.6676569187816,1220.078250144611,419.51754890279636,30,F,6.504276314808521,6.447755044355347
332,none,C18H62F38O40S2,160,-5.742336392586367,83.96644265840271,1173.2979956736035,419.44976327505793,33,F,5.742336392586367,7.156446441400136
333,none,C18H62F38O40S2,160,-8.30018768174341,84.53255174765603,1146.0559537804652,444.29486407974684,67,F,8.30018768174341,7.375953282979831
334,none,C18H62F38O40S2,160,-8.761504606809467,77.11515215732412,1275.4964011996976,385.9123276474981,21,F,8.761504606809467,6.0458933545239075
335,none,C18H62F38O40S2,160,-6.299064629320128,79.12847553427824,1146.142889045161,405.31563979011395,20,F,6.299064629320128,6.903892724946303
336,none,C18H38F38O28S2,124,-6.5277066718878025,89.33901679053024,1182.2402812030962,381.99883448112445,30,F,6.5277066718878025,7.556756288122343
337,none,C18H38F38O28S2,124,-6.232552383740004,96.16986351901754,1260.0280163231218,455.921495442285,11,F,6.232552383740004,7.63235914385857
338,none,C18H38F38O28S2,124,-7.8131036256485045,96.20824896720491,994.2389666629385,442.10823860631467,21,F,7.8131036256485045,9.676571950314727
339,none,C18H38F38O28S2,124,-6.8821314927786705,92.08202945501503,1287.3951210456269,447.27842935798793,9,F,6.8821314927786705,7.1525849329167634
340,none,C18H2F38O10S2,70,-11.815895902171698,118.28464466181876,1243.8113350412204,389.0654368589717,8,F,11.815895902171698,9.509854214176201
341,none,C18H2F38O10S2,70,-14.612498266589162,128.05547605264246,1322.4040989018276,395.7927555014467,32,F,14.612498266589162,9.683535929674173
342,none,C18H50F38O34S2,142,-7.301774360776492,86.19376726566352,1398.292890054352,382.8038227523045,59,F,7.301774360776492,6.164214084097441
343,none,C18H50F38O34S2,142,-7.992418816722651,88.50371078006442,1379.388775722262,455.8368965675518,44,F,7.992418816722651,6.416154193637177
344,none,C18H50F38O34S2,142,-8.417990210789508,88.74013188273724,1236.7935556149878,447.55186431978086,21,F,8.417990210789508,7.175015707339433
345,none,C18H50F38O34S2,142,-8.129484978960303,107.94707933357954,1327.8003929092642,473.0214182724984,52,F,8.129484978960303,8.129767087736969
346,none,C18H50F38O34S2,142,-7.869087354854753,88.42797370981324,1381.5769312050434,400.97748396517477,63,F,7.869087354854753,6.400510294615612
347,none,C18H50F38O34S2,142,-8.378667811843448,90.31111536511222,1129.2724412286668,422.56937250293424,10,F,8.378667811843448,7.997283212441832
348,none,C18H50F38O34S2,142,-7.14085407613106,88.12944490027903,1219.0411514021607,467.86459398401587,56,F,7.14085407613106,7.229406882524936
349,none,C18H50F38O34S2,142,-8.001957380515769,86.35899756694097,1130.9157438307507,410.97920351746166,55,F,8.001957380515769,7.636200843257975
350,none,C18H50F38O34S2,142,-9.179974541887493,94.65201353736965,1107.4197838671532,502.40546704628997,11,F,9.179974541887493,8.547076268300096
351,none,C18H50F38O34S2,142,-7.882163060931932,92.62018954475165,1075.629588555521,454.622278734289,34,F,7.882163060931932,8.610788558646167
352,none,C18H50F38O34S2,142,-7.3580877170557795,97.65890393244021,1041.8516404226102,498.9429315790076,56,F,7.3580877170557795,9.373590264044356
353,none,C18H50F38O34S2,142,-7.679955264675172,80.7301271965514,1050.3187462402962,374.734454058118,26,F,7.679955264675172,7.686250244083678
354,none,C18H50F38O34S2,142,-8.272586332117191,82.58776836204967,1360.2096431382215,385.01434618907166,44,F,8.272586332117191,6.071694078826441
355,none,C18H50F38O34S2,142,-6.971126020519952,98.98807457471264,1358.5207357041916,441.7136883049758,45,F,6.971126020519952,7.28646033683115
356,none,C18H50F38O34S2,142,-8.866207365737326,98.34138627197632,1149.4129206778812,435.8371501331781,60,F,8.866207365737326,8.555792657522781
357,none,C18H50F38O34S2,142,-9.060865075708266,89.74367705175378,1161.0109379650387,416.4142698672032,34,F,9.060865075708266,7.729787387623752
358,none,C18H50F38O34S2,142,-8.546730071750165,79.79162582433268,1117.5034117741436,432.52388303793305,32,F,8.546730071750165,7.1401684311330955
359,none,C18H50F38O34S2,142,-8.9992855437359,82.9128466786277,1097.5057025106541,349.22179965245624,17,F,8.9992855437359,7.554662038562193
360,none,C18H50F38O34S2,142,-8.641094560132355,88.37646069103606,1174.63420214118,428.39119291607113,20,F,8.641094560132355,7.523743181489112
361,none,C18H50F38O34S2,142,-8.233184914990463,76.37905133417442,1026.2571620265933,392.51708874591094,68,F,8.233184914990463,7.442486557983721
362,none,C18H50F38O34S2,142,-7.360688916275944,84.57102310652866,1070.2534977406278,429.22470489081104,18,F,7.360688916275944,7.9019618515672585
363,none,C18H50F38O34S2,142,-6.9836399865457235,85.97252366315662,1230.7243669256015,406.55320639406426,64,F,6.9836399865457235,6.985522182998571
364,none,C18H62F38O40S2,160,-8.488091355729921,87.21329810793469,1223.6597936700896,465.1972749855338,9,F,8.488091355729921,7.127250446495281
365,none,C18H62F38O40S2,160,-6.7845697876236954,81.62149298103736,1167.6508004736138,392.3301238833884,56,F,6.7845697876236954,6.990231407192173
366,none,C18H38F38O28S2,124,-8.646383348722368,93.88157023812765,1182.4752838294755,416.33831547084384,67,F,8.646383348722368,7.9394107870136486
367,none,C18H38F38O28S2,124,-7.61122022032073,86.35042095974592,1136.5482677984835,443.3388044819313,59,F,7.61122022032073,7.59760261893746
368,none,C18H38F38O28S2,124,-8.05911090766688,82.76335545219588,1124.9926754676032,398.498142384985,64,F,8.05911090766688,7.356790604685074
369,none,C18H38F38O28S2,124,-8.28221732761801,84.92357849750034,1065.34361592391,364.66769212886504,18,F,8.28221732761801,7.971472980935932
370,none,C64H162O73,299,19.777181686285104,55.87899431522926,983.6478995674518,263.2159589836814,33,C,19.777181686285104,5.6807923180440305
371,none,C9HF20O5Pt64S,100,-19.303862837550696,106.05674082594766,969.779689663066,427.1734820833909,81,F,19.303862837550696,10.936168488205329
372,none,C62H105F6O61Pt4S2,240,-8.072033371839401,62.49459389225636,1493.8787850612318,371.6745171205705,101,F,8.072033371839401,4.183377829392952
373,none,C62H105F6O61Pt4S2,240,-10.59071873545084,72.66035632109151,1268.828339160904,434.1750754850832,90,O,10.59071873545084,5.726571048148478
374,none,C62H105F6O61Pt4S2,240,-2.751760206592735,64.69825181329303,1255.7783170387324,393.18468083918265,6,C,2.751760206592735,5.152044030021066
375,none,C62H105F6O61Pt4S2,240,-7.941029125201264,63.26248374186519,1293.7313645822976,396.50303429755917,54,C,7.941029125201264,4.889924251182587
376,none,C62H105F6O61Pt4S2,240,-7.491159102755773,68.49455393783408,1261.1869390831507,437.1635274896524,57,C,7.491159102755773,5.430959663095448
377,none,C62H105F6O61Pt4S2,240,-2.2937596992051112,69.22703513099036,1236.6871602569192,496.37219519760833,101,F,2.2937596992051112,5.597780696341069
378,none,C62H105F6O61Pt4S2,240,-2.916489961777794,67.82522418087832,1246.109632883095,507.2790621587889,33,C,2.916489961777794,5.442958018385002
379,none,C62H105F6O61Pt4S2,240,-3.0370967314411246,70.47907295907312,1428.2814371748545,430.4787140056708,19,C,3.0370967314411246,4.934536788385415
380,none,C62H105F6O61Pt4S2,240,-6.027805398995649,71.77378846548237,1368.7161759612566,560.1223378658543,112,F,6.027805398995649,5.2438766872229925
381,none,C62H105F6O61Pt4S2,240,-2.38527952081616,66.84802514441735,1241.6229217090472,444.46393236836974,100,F,2.38527952081616,5.383923248807582
382,none,C62H105F6O61Pt4S2,240,-2.5796144216352936,69.14936630417783,1229.2036930791955,537.2911262190437,102,F,2.5796144216352936,5.625541697727607
383,none,C62H105F6O61Pt4S2,240,-6.74805071227335,70.81542919828941,1371.7960829556878,391.03207457981495,102,F,6.74805071227335,5.1622416828680295
384,none,C62H105F6O61Pt4S2,240,-7.649455226540643,73.48887148977192,1335.4018488289678,695.3972087426797,111,F,7.649455226540643,5.503127882757937
385,none,C44H50F90O34S2,220,-5.636133833931209,107.04912480828531,1151.7220156654541,512.1180405973895,99,F,5.636133833931209,9.29470161655574
386,none,C44H38F90O28S2,202,-2.6906943089175406,114.33360967902323,1260.6606100624547,481.0358699117002,44,F,2.6906943089175406,9.069341007914812
387,none,C44H38F90O28S2,202,-3.5107169590059364,113.80270802860024,1274.9265942954723,439.89486963299,114,F,3.5107169590059364,8.926216500447847
388,none,C44H50F90O34S2,220,-5.109654523138571,105.17991037781569,1193.087517566888,469.54258167975786,144,F,5.109654523138571,8.815774939319905
389,none,C44H50F90O34S2,220,-3.8886334926990624,111.89915392215225,1142.6521828684643,452.4632166613225,124,F,3.8886334926990624,9.792932232557899
390,none,C44H62F90O40S2,238,-4.992306430859808,110.87945413552274,1157.863977165425,500.4147131689874,88,F,4.992306430859808,9.57620725078325
391,none,C44H62F90O40S2,238,-4.739554871745337,113.81930312558305,1226.060179351929,574.5466884902189,86,F,4.739554871745337,9.283337395864669
392,none,C44H62F90O40S2,238,-4.350693169978795,113.5816189314115,1288.070136670963,548.4470681877665,128,F,4.350693169978795,8.817968501697038
393,none,C44H62F90O40S2,238,-5.298362070919081,110.68321675004331,1096.33761841943,477.79626976861306,94,F,5.298362070919081,10.095723697743153
394,none,C44H62F90O40S2,238,-5.062608518077652,113.88008844733795,1253.8254505800485,501.77106410055427,58,F,5.062608518077652,9.082611012135255
395,none,C44H50F90O34S2,220,-2.2421749110270124,106.94935762642167,1096.1514994646147,457.39880325357956,134,F,2.2421749110270124,9.756804390511546
396,none,C44H50F90O34S2,220,-3.1680037748380774,113.67455247213132,1116.6023566719143,476.38439288592,59,F,3.1680037748380774,10.180396968795916
397,none,C44H50F90O34S2,220,-3.818039086697602,108.63565793872793,1192.8755667721762,497.7628184869431,45,F,3.818039086697602,9.107040245001173
398,none,C9H95F19O52Pt64S,240,-6.864135691769964,63.92008539708638,152.6452281305139,436.5649934552315,103,F,6.864135691769964,41.87493194509413
399,none,C9H95F19O52Pt64S,240,-5.511106191988802,76.9787377166659,185.6745105551221,495.3014708328345,119,F,5.511106191988802,41.45896897022537
400,none,C9H95F19O52Pt64S,240,-8.267149243571717,82.1819533218976,196.61178098107118,457.44620192612564,117,F,8.267149243571717,41.79909917494195
401,none,C9H97F19O56Pt64S,246,-7.5378389613810795,71.5734794695312,239.7306042070652,456.59556889322624,99,F,7.5378389613810795,29.855795719644636
402,none,C9H97F19O56Pt64S,246,-9.735603950850521,74.64563661733806,212.02774953552026,512.8152769788237,105,F,9.735603950850521,35.20559774881398
403,none,C9H96F19O56Pt64S,245,-10.633757500552896,65.21085331942761,279.5918457198486,462.801820646437,118,F,10.633757500552896,23.323589123829088
404,none,C9H96F19O56Pt64S,245,-8.749254991309908,67.82695092550959,202.67889698255456,437.94171405300307,114,F,8.749254991309908,33.46522599802176
405,none,C9H96F19O56Pt64S,245,-11.135874224627125,73.16670107659122,233.51995283288764,449.70563719538796,80,O,11.135874224627125,31.33209825926568
406,none,C9H95F19O56Pt64S,244,-13.111369940786256,71.83397197431772,392.25604791305386,469.73892830669473,109,F,13.111369940786256,18.31303108173878
407,none,C9H95F19O56Pt64S,244,-7.811611711136333,72.87303641031578,204.19986187971307,450.67062042956206,110,F,7.811611711136333,35.68711346790367
408,none,C9H95F19O56Pt64S,244,-8.255758642917499,82.21875365647578,204.4803137988434,572.3953630460456,62,Pt,8.255758642917499,40.20864020062005
409,none,C9H95F19O56Pt64S,244,-7.735731524246416,66.42338345632285,198.16921613208396,527.2658107588329,98,F,7.735731524246416,33.51851753405043
410,none,C9H95F19O56Pt64S,244,-10.25552511585926,63.0258175245462,227.2997014555139,476.1069557177612,110,F,10.25552511585926,27.72806876602138
411,none,C9H95F19O58Pt64S,246,-11.542539528005083,77.384529026201,379.7792509240139,473.1901489804197,120,F,11.542539528005083,20.37618664998738
412,none,C9H95F19O58Pt64S,246,-11.896998693218181,107.22239029996805,229.5043582865171,1131.2512469115031,104,C,11.896998693218181,46.719108560940626
413,none,C9H95F19O58Pt64S,246,-11.203317381479453,65.75825763243141,214.1522906998581,487.16788930770645,111,F,11.203317381479453,30.706305973908023
414,none,C9H95F19O58Pt64S,246,-10.066460136478442,74.04199274147878,186.3690948393482,563.7768850735155,101,F,10.066460136478442,39.72868613506098
415,none,C9H95F19O58Pt64S,246,-9.580515916610697,73.41079364356345,180.64309795701274,456.38951757823276,109,F,9.580515916610697,40.638582084676635
416,none,C9H97F19O58Pt64S,248,-13.089821346628954,84.89464368799945,688.0259965608107,535.5467096386192,97,C,13.089821346628954,12.338871512465605
417,none,C9H97F19O58Pt64S,248,-8.07355549489242,69.37280001807416,300.6656793243652,455.95541837463367,117,F,8.07355549489242,23.073069122476447
418,none,C9H97F19O58Pt64S,248,-10.489464439630073,65.4713327975837,202.95121460268405,471.3786879325497,107,F,10.489464439630073,32.25964078399649
419,none,C9H95F19O58Pt64S,246,-10.457509124771752,68.99218378324527,275.22540794028436,463.4536624426398,124,F,10.457509124771752,25.067519855657547
420,none,C9H95F19O58Pt64S,246,-11.465854383318883,70.26140889576568,416.316911121651,466.7946970433188,116,F,11.465854383318883,16.876904833499488
421,none,C9H95F19O58Pt64S,246,-8.386882612381388,68.52460966961976,201.4952329988703,491.73711108448674,109,F,8.386882612381388,34.008055004459564
422,none,C9H95F19O58Pt64S,246,-8.40309986842766,69.81999196071568,226.65068804569557,499.64715723296786,109,F,8.40309986842766,30.805109202509506
423,none,C9H95F19O64Pt64S,252,-17.12111747428213,72.44134685422947,913.8481516603375,489.24851267777626,130,F,17.12111747428213,7.927066080137429
424,none,C9H95F19O64Pt64S,252,-11.162576839163352,69.97013918262574,276.6366904387619,485.87574910820587,106,F,11.162576839163352,25.293152210449392
425,none,C9H95F19O64Pt64S,252,-12.911413507402084,78.64445333873299,221.27430908550176,503.98641868036265,118,F,12.911413507402084,35.54161062066373
426,none,C9H97F19O64Pt64S,254,-13.00813404714421,68.9875710127632,348.3272200215623,483.4476199676199,129,F,13.00813404714421,19.805391898024133
427,none,C9H97F19O64Pt64S,254,-10.213430793305097,67.56970771695795,228.64440531315412,436.8223516797126,118,F,10.213430793305097,29.552311863661682
428,none,C9H97F19O64Pt64S,254,-11.475680830226624,65.27401143439852,250.2263416671669,523.7692060306721,116,F,11.475680830226624,26.085987190437894
429,none,C9H97F19O64Pt64S,254,-8.811180143640927,69.07250547874503,226.522840798097,447.26175566398416,118,F,8.811180143640927,30.492512470435738
430,none,C9H96F19O64Pt64S,253,-13.56649361428871,92.69247011439417,426.086403046489,539.9133715730719,118,F,13.56649361428871,21.75438348927571
431,none,C9H95F19O64Pt64S,252,-10.587454700610593,71.4796330746994,265.70921342266337,594.6317295517532,98,O,10.587454700610593,26.90145070769406
432,none,C9H95F19O64Pt64S,252,-11.028987183101616,73.41341807459608,379.31009538226607,478.2805770636094,118,F,11.028987183101616,19.35445931134803
433,none,C9H95F19O64Pt64S,252,-13.842804236489991,154.84968559003684,296.79522863172355,1294.1869780495922,61,Pt,13.842804236489991,52.173913409565316
434,none,C9H95F19O64Pt64S,252,-11.050432065819642,68.59057522908023,254.22326461079413,408.5571843769536,117,F,11.050432065819642,26.980447809955443
435,none,C9H95F19O64Pt64S,252,-11.763076810720598,60.02497899452157,253.25328985861424,433.91678527484044,130,F,11.763076810720598,23.701559426150872
436,none,C9H95F19O64Pt64S,252,-10.45603874242968,67.56272913600027,255.19942530909879,477.02633289813895,114,F,10.45603874242968,26.474483261146833
437,none,Pt64,64,0.10502838176762452,60.40652709069149,140.1800351598008,748.5184218120974,59,Pt,0.10502838176762452,43.09210439406008
438,none,Pt64,64,-9.07262727696434,26.88855199571329,240.55903418357804,104.23828284876618,49,Pt,9.07262727696434,11.17752741524303
439,none,Pt64,64,-9.70590436782004,22.784134513641746,181.2710264758078,76.82533256487066,54,Pt,9.70590436782004,12.569098855234039
440,none,Pt64,64,-8.992947637580073,16.827517846023984,114.46644276024305,76.0378750764934,58,Pt,8.992947637580073,14.700830601742597
441,none,Pt64,64,-12.36588957181084,34.25569070646287,163.7699158870342,228.55533198988738,57,Pt,12.36588957181084,20.91696177586846
442,none,Pt64,64,-8.822429781957908,17.180768643043866,104.76518370836548,91.95366811963835,59,Pt,8.822429781957908,16.399311331205144
443,none,Pt64,64,-6.0055500039197796,17.11298038941,102.29410233618091,94.92369328357042,58,Pt,6.0055500039197796,16.729195524068082
444,none,Pt64,64,-7.3807153908092005,16.174853606037896,101.16827317584941,74.09161866145986,58,Pt,7.3807153908092005,15.988069281288384
445,none,Pt64,64,-7.648843495189794,16.174443824334165,97.57149136934602,71.85083630833068,58,Pt,7.648843495189794,16.57701814058331
446,none,O4Pt64,68,-20.1437281062039,43.91157723767344,242.42759201772353,256.16747780614037,48,Pt,20.1437281062039,18.1132753380907
447,none,O4Pt64,68,-16.830103925980545,41.07585682073237,290.2521444363283,288.553294935838,58,Pt,16.830103925980545,14.151784098099247
448,none,O4Pt64,68,-17.438277640715516,57.07160908760308,287.92106616182247,407.9315173056401,48,Pt,17.438277640715516,19.82196365427693
449,none,O4Pt64,68,-14.43353134655969,47.03158485531802,276.4886768825004,304.0445820230038,58,Pt,14.43353134655969,17.010311375357002
450,none,O4Pt64,68,-17.14105918397442,38.37404548955765,287.5729551921224,214.64108485158647,62,Pt,17.14105918397442,13.344107919995688
451,none,H2O4Pt64,70,-19.072531575303792,39.373426146359606,236.35134213923706,163.6832924844026,66,H,19.072531575303792,16.658854479093378
452,none,H2O4Pt64,70,-19.07253075540731,39.37299049636012,236.34974995600157,163.6813097616202,0,H,19.07253075540731,16.65878237810267
453,none,H2O4Pt64,70,-14.329637753793836,46.048705774037245,215.7996384526345,259.6030969470582,62,Pt,14.329637753793836,21.338638982077995
454,none,H2O4Pt64,70,-14.329654259407627,46.04728685166375,215.79847400858606,259.58077173314194,56,Pt,14.329654259407627,21.338096602959133
455,none,HO4Pt64,69,-17.438133476231165,30.63359171501645,391.99294017901417,172.95727654598835,67,O,17.438133476231165,7.814832507194337
456,none,HO4Pt64,69,-14.022771984024946,56.69632109607579,264.09473707704996,338.5852397754048,66,O,14.022771984024946,21.46817529329809
457,none,HO4Pt64,69,-14.63909707145185,37.299683684964904,277.3013961489934,165.96935870037314,51,Pt,14.63909707145185,13.450954161414995
458,none,HO4Pt64,69,-17.079418274553735,43.91492717795926,282.0179360618633,245.45221659601032,66,O,17.079418274553735,15.57167880567926
459,none,O4Pt64,68,-17.17304527932463,37.42711407948689,281.15810992305643,227.46022486807837,66,O,17.17304527932463,13.311767563713328
460,none,O4Pt64,68,-17.365545249691316,62.46193355274931,300.6991660688458,370.17231458297937,54,Pt,17.365545249691316,20.772233714292543
461,none,O4Pt64,68,-18.16568448446239,57.66477012424544,309.7580775814447,370.23837650673784,59,Pt,18.16568448446239,18.61606663318849
462,none,O4Pt64,68,-20.29779362355304,25.08862244288079,328.5573416548526,107.77203112597984,50,Pt,20.29779362355304,7.635995079737475
463,none,O4Pt64,68,-17.91929544218446,26.660025887574232,202.81626802037727,128.8503267119059,59,Pt,17.91929544218446,13.144914926102308
464,none,O4Pt64,68,-14.52454958438038,42.42197855746578,348.1933328262739,190.26287397474553,51,Pt,14.52454958438038,12.18345515496462
465,none,O4Pt64,68,-16.40565972561222,22.040570219879566,348.54315184340794,90.70832506859364,66,O,16.40565972561222,6.323627391130572
466,none,O4Pt64,68,-14.884824391629081,39.97184250597539,306.05795378530007,289.2381900846131,67,O,14.884824391629081,13.060220135306684
467,none,O4Pt64,68,-15.368102533102501,58.993591190225956,291.22102421588653,303.3588288605836,64,O,15.368102533102501,20.257325634049387
468,none,O4Pt64,68,-15.276961525481003,28.286473733230505,293.9615426832423,161.7914018075523,67,O,15.276961525481003,9.622508262487429
469,none,O6Pt64,70,-20.986666999358153,31.306614405139648,338.201137781191,190.53557767280853,50,Pt,20.986666999358153,9.25680339531985
470,none,O6Pt64,70,-16.690176414392358,40.56816727499076,332.21739329030123,199.65980233530132,68,O,16.690176414392358,12.211331523976266
471,none,O6Pt64,70,-19.181389306738442,48.117486456761796,356.2042872063363,274.58354092971183,62,Pt,19.181389306738442,13.508396216716244
472,none,H2O6Pt64,72,-25.582884618213736,40.38179727379233,423.9741000871517,210.05571106807352,68,O,25.582884618213736,9.524590597749128
473,none,H2O6Pt64,72,-19.913448103276703,45.1896463953719,339.8638049667651,265.9053749327205,63,Pt,19.913448103276703,13.296398655864795
474,none,H2O6Pt64,72,-16.437411815584507,46.23134570014457,319.4863436649753,243.84587612179124,62,Pt,16.437411815584507,14.470523268632853
475,none,H2O6Pt64,72,-13.83300245935162,41.72907025759417,324.9769974147959,315.2619817423938,67,O,13.83300245935162,12.840622748548505
476,none,HO6Pt64,71,-17.249133229226164,26.45617319477183,427.6224269297006,178.08315522519487,67,O,17.249133229226164,6.18680675490416
477,none,HO6Pt64,71,-17.4488184976057,54.04911537494235,364.2401157487066,283.7735721715319,65,O,17.4488184976057,14.83886948142512
478,none,HO6Pt64,71,-17.249133173887895,26.45616669316235,427.6224257101432,178.08294949174945,67,O,17.249133173887895,6.186805252139705
479,none,HO6Pt64,71,-14.002429979728719,40.504611124501096,347.9353109586386,230.19076186319884,58,Pt,14.002429979728719,11.641420071133899
480,none,HO6Pt64,71,-14.539251795930552,24.185613527038775,426.9320968557427,131.91033685820764,64,O,14.539251795930552,5.664978975617034
481,none,O6Pt64,70,-22.72535849229566,26.971712626402987,355.85925710105323,148.28346645044445,67,O,22.72535849229566,7.579320219494484
482,none,O6Pt64,70,-21.62106287100219,35.33035426416912,346.4511423850805,163.79205083913362,65,O,21.62106287100219,10.19778835796114
483,none,O6Pt64,70,-20.39550732380511,31.93961989716195,386.89599187876223,176.40421416964958,65,O,20.39550732380511,8.25535042171503
484,none,O6Pt64,70,-19.425655743024045,49.41031792586761,386.79555860127954,321.6094374280411,55,Pt,19.425655743024045,12.774272306679004
485,none,O13Pt64,77,-24.40239349493527,32.55643662899356,332.8661917813812,154.50434503959883,71,O,24.40239349493527,9.780637815682969
486,none,H2O13Pt64,79,-17.635190011741877,44.89905105416383,325.6689851878345,325.7708771508357,64,O,17.635190011741877,13.786713840210368
487,none,H2O12Pt64,78,-16.10880407977861,56.81491030218361,319.7450320625913,367.94144977631777,57,Pt,16.10880407977861,17.768817215293556
488,none,HO12Pt64,77,-20.49303495902689,47.59207972151715,293.0033397301471,193.45933939722536,67,O,20.49303495902689,16.242845479286665
489,none,HO12Pt64,77,-20.496674191566523,40.530872036599916,343.5117382376657,204.5011864860253,72,O,20.496674191566523,11.798977305560893
490,none,O12Pt64,76,-18.33949237027953,58.237415426542725,306.45685764313845,358.47743642409125,72,O,18.33949237027953,19.00346295867811
491,none,O12Pt64,76,-14.889611927700523,38.628971960389755,329.5516736708795,220.86773420021734,65,O,14.889611927700523,11.721673730283703
492,none,O12Pt64,76,-17.793600312296277,38.67179245346738,295.2605543501645,163.36033601036831,75,O,17.793600312296277,13.097514003717725
493,none,O16Pt64,80,-44.21622226109321,192.25544637537007,584.6843838277377,1043.4493800859634,59,Pt,44.21622226109321,32.881919150420345
494,none,O16Pt64,80,-35.50985746223887,46.46218640539988,425.9946066559758,267.8001852323789,55,Pt,35.50985746223887,10.90675461131407
495,none,O16Pt64,80,-28.10009883942257,50.71203898195281,328.88990602445836,219.81098000266456,75,O,28.10009883942257,15.419153355889717
496,none,O16Pt64,80,-33.89859283233818,104.0332405100364,335.5794074041044,521.0618270754925,56,Pt,33.89859283233818,31.001079987235237
497,none,O16Pt64,80,-28.700020684482297,45.8204362371037,347.86573391918154,237.63639113193727,60,Pt,28.700020684482297,13.171874021874485
498,none,H2O16Pt64,82,-29.778108756035202,52.62845735202283,629.87235525091,296.28263617538744,70,O,29.778108756035202,8.355416286059777
499,none,H2O16Pt64,82,-26.301591194635144,47.10107647043949,301.79107416403315,241.11159873197977,53,Pt,26.301591194635144,15.607180099978217
500,none,H2O16Pt64,82,-22.06507591614443,45.31967212741901,323.7759938643604,225.8061166063439,78,O,22.06507591614443,13.997230488436026
501,none,HO16Pt64,81,-23.03438373147165,45.45611931064789,346.3465248205342,318.7647854903801,80,H,23.03438373147165,13.124462367336243
502,none,O16Pt64,80,-29.73392567873816,40.02518007571381,366.49359171741565,224.69072259231524,69,O,29.73392567873816,10.921113214600261
503,none,O16Pt64,80,-30.027431302369223,49.65997040066728,306.0480537667596,246.02636024702133,66,O,30.027431302369223,16.22620035954005
504,none,O16Pt64,80,-30.115648038190557,52.86668269078585,341.46332480547557,254.1867665905659,73,O,30.115648038190557,15.482389718106
505,none,C400H112O56Pt43,611,-9.22239557586522,38.263917995520764,157.98013097642274,454.0003807145765,475,H,9.22239557586522,24.220715452648502
506,none,C400H22O11Pt21,454,-1.0479527959853436,42.20632307410717,310.54219410928215,776.3291528255695,258,C,1.0479527959853436,13.591171787513822
507,none,C400H136O68Pt87,691,-6.041957756289444,42.356414058971296,197.05462322795125,326.1796732982775,16,C,6.041957756289444,21.494757831676818
508,none,C64,64,-0.9511897796983249,249.71952668495996,249.68144796897028,432.7815942307849,5,C,0.9511897796983249,100.01525091924107
509,none,C64H8O4,76,-2.239194816004448,228.4970842622785,235.40207600330737,441.67590109217116,0,C,2.239194816004448,97.06672436443088
510,none,C64H16,80,88.88240179053355,16.504832684591268,331.0262316444098,63.91634693738159,1,C,88.88240179053355,4.98595914970293
511,none,C64H162O73,299,19.47736848336699,42.58499105359096,232.2708007759698,219.43453896247138,143,O,19.47736848336699,18.334199094902637
512,none,C9H95F19O64Pt64S,252,-2.959206684849166,68.12723503446946,221.06697164746262,500.11921371323984,53,Pt,2.959206684849166,30.81746428548926
513,none,C9H95F19O58Pt64S,246,-12.388065891771964,91.0922649890813,239.7985061889347,537.4577635785672,61,Pt,12.388065891771964,37.987002686876906
514,none,C9H95F19O64Pt64S,252,-9.606136055293655,67.1912666780466,238.24905350027115,459.19483241922,118,F,9.606136055293655,28.202112743323084
515,none,C9H95F19O52Pt64S,240,-6.999050460823734,68.96795121130121,155.94700980217786,479.3881287910804,118,F,6.999050460823734,44.2252476009566
516,none,C9H95F19O52Pt64S,240,-8.457103382655381,66.44048831908155,209.9371864675652,436.1835430707596,118,F,8.457103382655381,31.647794007826455
517,none,C9H97F19O56Pt64S,246,-7.7360498624744,66.99052301046137,186.52573260348564,423.9011129579041,106,F,7.7360498624744,35.914896071133036
518,none,C9H96F19O56Pt64S,245,-6.91394353967293,65.57487179150455,199.8191468355702,479.6503350647093,108,F,6.91394353967293,32.817111287871555
519,none,C9H96F19O56Pt64S,245,-14.92265225304956,129.56535314613248,416.21020191802785,2016.8145760013085,58,Pt,14.92265225304956,31.12978791703194
520,none,C9H96F19O56Pt64S,245,-12.603956715522182,77.0634498509697,218.3849240761678,494.1222775805952,122,F,12.603956715522182,35.28789827272678
521,none,C9H95F19O56Pt64S,244,-6.996270966216097,65.02758796595324,198.6534201050219,444.4169455308427,108,F,6.996270966216097,32.734189993595464
522,none,C9H95F19O56Pt64S,244,-12.835201767600546,71.80136115904791,268.4872268262071,643.2925374200535,100,F,12.835201767600546,26.74293373573605
523,none,C9H95F19O56Pt64S,244,-13.331981831216863,71.93665434127456,507.6477292768599,448.6749409479218,108,F,13.331981831216863,14.170585268597133
524,none,C9H95F19O56Pt64S,244,-12.425544892974985,76.14781191862231,366.6077689852333,578.8146642725411,98,F,12.425544892974985,20.770921502672653
525,none,C9H95F19O56Pt64S,244,-8.648115134970705,72.72790587418646,247.7064864800053,519.4767749487742,106,F,8.648115134970705,29.360517323415756
526,none,C9H95F19O58Pt64S,246,-9.215260512049772,70.41119943758866,180.17338876061285,484.6359274109703,123,F,9.215260512049772,39.07968869428349
527,none,C9H97F19O58Pt64S,248,-7.89613201648594,63.30628636700261,183.24329600656668,468.9671327654525,111,F,7.89613201648594,34.54766845316621
528,none,C9H97F19O58Pt64S,248,-14.571243402315304,161.0805279102638,258.3487287176885,2009.849388463619,113,C,14.571243402315304,62.35003698674481
529,none,C9H97F19O58Pt64S,248,-11.393141399410876,83.47472153707965,563.2880342957801,491.62891059902154,111,F,11.393141399410876,14.819189553962268
530,none,C9H96F19O58Pt64S,247,-8.320531520218616,72.5530622772878,180.80197040932708,454.5320032564749,102,F,8.320531520218616,40.1284687954623
531,none,C9H96F19O58Pt64S,247,-8.005610811627783,72.1651414186951,189.21247917234035,529.1056668324081,110,F,8.005610811627783,38.13973673108788
532,none,C9H95F19O58Pt64S,246,-15.487010572394318,78.70776612597626,281.4247455961004,432.1861046564306,109,F,15.487010572394318,27.967606743060653
533,none,C9H95F19O64Pt64S,252,-10.177958054959568,69.57549192385524,208.26571362983574,467.35729964418596,117,F,10.177958054959568,33.407079212047506
534,none,C9H95F19O64Pt64S,252,-12.952741689837744,89.09645158760118,233.7931676756604,1019.1145504005241,82,O,12.952741689837744,38.10909124222315
535,none,C9H97F19O64Pt64S,254,-8.867817923773124,70.55589440135023,209.4896600742081,491.15543389171955,127,F,8.867817923773124,33.67989349753922
536,none,C9H97F19O64Pt64S,254,-10.081656247732141,73.02875000429972,461.2337740777147,420.3163169029838,129,F,10.081656247732141,15.83334831676808
537,none,C9H96F19O64Pt64S,253,-9.216347389386069,63.33727696043988,208.33849794869667,439.8521176847514,113,F,9.216347389386069,30.401139292094097
538,none,C9H96F19O64Pt64S,253,-11.92957090902724,116.0465260110279,234.42964207786662,943.7659204091614,132,O,11.92957090902724,49.5016436413287
539,none,C9H95F19O64Pt64S,252,-8.320257863185057,76.11071524540526,401.00978404852884,500.549038886188,118,F,8.320257863185057,18.979765151115267
540,none,C9H95F19O64Pt64S,252,-7.010831295846156,68.26672246477071,223.06439612312988,414.05325150129727,126,F,7.010831295846156,30.60404244301183
541,none,C9H95F19O64Pt64S,252,-8.881449543026513,76.12295057952346,240.4944138126704,515.2238394377641,116,F,8.881449543026513,31.65268971229341
542,none,C9H95F19O64Pt64S,252,-10.90864124633963,64.74084896236505,242.88191392456554,421.83202542753816,108,F,10.90864124633963,26.655277832861742
543,none,Pt64,64,-11.864360436902643,11.989961524913918,101.40915237875477,38.66681256321336,60,Pt,11.864360436902643,11.823352472301915
544,none,Pt64,64,-9.606410028027312,21.94244583945178,175.4994571058115,80.94974956398613,54,Pt,9.606410028027312,12.502856818652333
545,none,O4Pt64,68,-12.669504277308828,45.54752528625396,332.84662562767676,246.2020634646821,49,Pt,12.669504277308828,13.684238258495538
546,none,O4Pt64,68,-16.32655588336467,23.804799703162846,362.7034013897056,88.05465724559105,66,O,16.32655588336467,6.5631586613068045
547,none,O4Pt64,68,-13.177148286879802,32.27039251016858,294.673470619825,135.71533028405207,50,Pt,13.177148286879802,10.951237803080835
548,none,C64,64,-7.954031889084945,22.16574777745204,161.72924515299457,73.4268856394981,37,C,7.954031889084945,13.70546666218804
549,none,C9H95F19O56Pt64S,244,-6.4572571519405395,70.1152077811434,202.45797253469289,484.7951438573075,107,F,6.4572571519405395,34.63198159268762
550,none,C9H97F19O56Pt64S,246,-6.661523998467956,68.0162659216009,102.29361178196194,482.087734198074,123,F,6.661523998467956,66.49121556737782
551,none,C9H96F19O56Pt64S,245,-7.405210269510518,75.12675771313752,108.25702125519632,497.3163110383537,119,F,7.405210269510518,69.39666068960072
552,none,C9H96F19O56Pt64S,245,-15.999893209901733,216.39984548943272,474.952884486466,2143.6960029209467,102,C,15.999893209901733,45.56238156620757
553,none,C9H95F19O58Pt64S,246,-11.341106088839593,71.78960586542266,203.830648569456,499.2791778034284,123,F,11.341106088839593,35.22022147761557
554,none,C9H95F19O58Pt64S,246,-7.760925450228814,68.84628657821281,104.71744178356039,493.5368645716538,121,F,7.760925450228814,65.74481328574721
555,none,C9H95F19O58Pt64S,246,-13.74767513458742,68.40246017107229,797.7863843967543,438.06417290674466,116,F,13.74767513458742,8.574032035253994
556,none,C9H95F19O58Pt64S,246,-8.326599630195934,71.15802979533773,109.19898698815513,487.2613586984558,123,F,8.326599630195934,65.16363544934376
557,none,C9H95F19O58Pt64S,246,-14.261822077437168,75.57726030890788,155.76367925935676,437.1683479683973,120,F,14.261822077437168,48.52046424960647
558,none,C9H95F19O58Pt64S,246,-10.308323424603843,64.24813187880146,124.63139362311917,409.02214261338565,123,F,10.308323424603843,51.55052030717516
559,none,C9H95F19O58Pt64S,246,-12.12563587644145,66.85798149694969,544.028462274886,389.4118162193766,120,F,12.12563587644145,12.289427140885097
560,none,C9H95F19O64Pt64S,252,-9.221442376627468,68.00468214332003,210.75996148044746,500.43315051593396,107,F,9.221442376627468,32.266414202029985
561,none,C9H95F19O64Pt64S,252,-10.662103527999808,71.79780363204785,113.8539717435413,528.7678706772175,106,F,10.662103527999808,63.061307860013926
562,none,C9H95F19O64Pt64S,252,-23.061094188874232,86.16625711595618,256.30468672453685,628.4466452179655,97,S,23.061094188874232,33.61868181855108
563,none,C9H95F19O64Pt64S,252,-11.749530141680715,63.0742084935407,184.28715773882806,426.4994260416332,105,F,11.749530141680715,34.226046604359446
564,none,C9H95F19O64Pt64S,252,-10.031522112613958,70.06196334308012,114.1041051772537,472.38362935519046,107,F,10.031522112613958,61.40179026358708
565,none,C9H95F19O64Pt64S,252,-13.130866051171093,74.13645796223844,162.40053260384022,472.8927681566339,108,F,13.130866051171093,45.65037858778879
566,none,C9H95F19O64Pt64S,252,-11.461666818904055,74.18181048323241,209.9162706786752,442.51629707424314,67,O,11.461666818904055,35.338761613569545
567,none,C9H95F19O64Pt64S,252,-10.487881234324064,71.60362530517637,116.02278942818876,511.4841235834985,105,F,10.487881234324064,61.7151386017096
568,none,C9H95F19O64Pt64S,252,-9.08631861966569,84.90818219109336,612.7969712273501,478.2821609276407,107,F,9.08631861966569,13.855842338945257
569,none,C9H95F19O64Pt64S,252,-16.210190501176783,72.8343647205821,422.34234444315604,457.7146271119359,60,Pt,16.210190501176783,17.245337977325413
570,none,C9H95F19O64Pt64S,252,-8.458603024279462,71.6336986116499,131.07720998963734,443.66464200679127,115,F,8.458603024279462,54.65000255751026
571,none,C9H95F19O64Pt64S,252,-14.370000595619555,103.47712532219322,243.12781804179806,554.4672741027301,51,Pt,14.370000595619555,42.560792160938014
572,none,C9H95F19O64Pt64S,252,-16.537033330043037,70.90113959683292,203.36134352574535,497.4904847092902,106,F,16.537033330043037,34.86461014054861
573,none,C9H95F19O58Pt64S,246,-12.892912028994358,131.58449525650337,208.1934098126371,1628.2212696208403,96,C,12.892912028994358,63.20300694192115
574,none,C9H95F19O68Pt64S,256,-13.71717817244189,70.61607523129005,470.96631936641535,490.79051223929156,111,F,13.71717817244189,14.993869482278246
575,none,C9H97F19O68Pt64S,258,-8.430846309597973,60.62426586168875,136.8925180793345,444.6953848758874,119,F,8.430846309597973,44.286033095362185
576,none,C9H95F19O68Pt64S,256,-15.008256011014964,147.24745878197547,350.57585165639534,1329.3536201334887,108,O,15.008256011014964,42.00159768171794
577,none,C88H4F180O20S4,296,-5.976368158617579,133.28816806733005,498.3572150604679,525.187366887181,59,F,5.976368158617579,26.745507848453162
578,none,C88H4F180O20S4,296,-5.60377873596342,134.75459719273763,242.96132342390177,520.585006193915,115,F,5.60377873596342,55.463394458725155
579,none,C88H4F180O20S4,296,-5.603377432979303,134.75282590061997,242.9618866747455,520.615288470439,207,F,5.603377432979303,55.462536838551294
580,none,C22HF45O5S,74,-5.4120561912281415,127.2611173258899,910.151388681534,448.09711521371395,67,F,5.4120561912281415,13.982412036995653
581,none,C22HF45O5S,74,-4.325425024010631,131.63429134528138,237.6076813405382,451.98212099384125,18,F,4.325425024010631,55.399846756899976
582,none,C22HF45O5S,74,-4.325435979144705,131.63581478209372,237.6106383431615,451.98368913110363,18,F,4.325435979144705,55.399798468611884
583,none,Pt19,19,-40.203202194166614,5.1694335336940975,308.6207193850072,9.405760150827719,15,Pt,40.203202194166614,1.6750118216285999
584,none,Pt116,116,-18.789287145723236,8.448716084400573,261.2168833134361,19.693968891482278,68,Pt,18.789287145723236,3.2343683062257873
585,none,H116O64Pt64,244,-8.361280683931879,52.86645463849076,152.8227355495767,305.9410372543922,59,Pt,8.361280683931879,34.59331783871944
586,none,H116O64Pt64,244,-7.988859368316432,54.211212362981534,149.9758483296258,385.3598321954156,59,Pt,7.988859368316432,36.14662825165884
587,none,H116O64Pt64,244,-11.023799257331955,60.39223495675477,379.1548898823304,427.3093468020648,139,O,11.023799257331955,15.928117127936112
588,none,H116O64Pt64,244,-8.09189280662991,45.313331499586845,158.77647801865115,222.90851186647564,61,Pt,8.09189280662991,28.539070815177034
589,none,H116O64Pt64,244,-13.449296957601366,52.65572049201222,439.1350469696658,325.1411223467972,54,Pt,13.449296957601366,11.990780707523337
590,none,H116O64Pt64,244,-9.150927694448553,101.65463861193783,490.01472277054205,1181.7635531748012,59,Pt,9.150927694448553,20.745221294001688
591,none,H116O64Pt64,244,-11.988281851565679,58.69735294218931,716.1616480933105,289.4564370328022,163,O,11.988281851565679,8.196103924088026
592,none,H116O64Pt64,244,-8.74020126204533,49.97352942744907,228.5038842890401,308.56749161289275,50,Pt,8.74020126204533,21.869881810952652
593,none,C32H8,40,74.0842582617006,14.041877333738906,298.25051774366113,35.690812181118545,29,C,74.0842582617006,4.708081461172029
594,none,C9H95F19O52Pt64S,240,-10.492437161398508,85.02906813396885,215.54173430677167,495.05831182756884,107,C,10.492437161398508,39.449004345928884
595,none,C9H95F19O56Pt64S,244,-9.766896446397697,66.80315078351732,195.34685107923264,419.00286920315796,118,F,9.766896446397697,34.197198682471715
596,none,C9H97F19O56Pt64S,246,-6.995233688200635,67.89834801429875,178.34900789142495,473.5559894964406,98,F,6.995233688200635,38.0704938126899
597,none,C9H95F19O56Pt64S,244,-9.350867221417234,70.92590554957786,195.98577217941664,469.13216279875434,106,F,9.350867221417234,36.18931352049791
598,none,C9H95F19O58Pt64S,246,-12.01606606279038,75.91968770882056,183.5192389080543,398.1651686348854,108,F,12.01606606279038,41.36878953974814
599,none,C9H95F19O58Pt64S,246,-11.280624709391164,73.33003145761396,193.61018052347276,438.4950903802251,111,F,11.280624709391164,37.87509068962602
600,none,C9H95F19O58Pt64S,246,-11.118373464238338,76.29540465824076,198.81334765634114,510.21036813681155,121,F,11.118373464238338,38.37539358278962
601,none,C9H95F19O58Pt64S,246,-9.304512927462007,83.13688962214066,191.92914312342356,492.6076778683562,100,F,9.304512927462007,43.31644911720257
602,none,C9H95F19O64Pt64S,252,-10.47488976623826,63.87539659481893,431.90614421893036,430.051628793726,108,F,10.47488976623826,14.78918451376346
603,none,C9H95F19O64Pt64S,252,-12.336426623357784,67.23069522399327,347.16202765905507,442.1845811288212,106,F,12.336426623357784,19.365797485783776
604,none,C9H95F19O64Pt64S,252,-7.465822556927349,66.30549261577032,217.81307260348325,448.7597125543836,107,F,7.465822556927349,30.441466080631365
605,none,C9H95F19O64Pt64S,252,-11.307963854628651,71.97746179595403,237.1065435314722,522.6300311768422,108,F,11.307963854628651,30.356590216330385
606,none,C9H95F19O64Pt64S,252,-20.451943636068055,86.3152683412022,608.5582632836172,477.9161407884569,243,O,20.451943636068055,14.183566890615888
607,none,C9H95F19O64Pt64S,252,-9.462925058970642,70.13512055544469,220.6584067783026,530.8498983069953,71,O,9.462925058970642,31.784477002007016
608,none,C9H95F19O64Pt64S,252,-14.163515078377843,77.80504772710526,229.43011277311993,591.4514302993041,132,O,14.163515078377843,33.912308539919316
609,none,C9H95F19O64Pt64S,252,-11.641180733036775,65.89495044921294,208.22328258650936,398.11317497759194,115,F,11.641180733036775,31.646293166968942
610,none,C9H95F19O64Pt64S,252,-11.697635961080243,66.03167535277201,208.7694738424848,425.135705556767,122,F,11.697635961080243,31.628989687732062
611,none,C9H95F19O64Pt64S,252,-11.355752874575074,63.89074178711226,219.02833800392793,433.11447875646945,105,F,11.355752874575074,29.170080168332596
612,none,C9H95F19O64Pt64S,252,-11.028257430192001,59.31577920512361,221.72863632527444,382.89779046640086,116,F,11.028257430192001,26.751519419488854
613,none,C9H95F19O64Pt64S,252,-9.723497490215648,60.20339948896399,223.73055503607176,388.7804914513673,114,F,9.723497490215648,26.908885770768986
614,none,C9H95F19O64Pt64S,252,-9.44344007866531,67.72892929679782,221.2583660880234,472.85403956844533,116,F,9.44344007866531,30.610787964443865
615,none,C9H95F19O64Pt64S,252,-11.971959091227738,63.982602371263255,222.11256047581168,435.08159242856226,115,F,11.971959091227738,28.806386380940864
616,none,C9H95F19O64Pt64S,252,-11.185715523583534,73.32625707374311,233.68333461399934,473.57450460962013,115,F,11.185715523583534,31.378470867365966
617,none,C9H95F19O64Pt64S,252,-10.016853701566264,70.88641532753005,231.54196571888724,506.05417893056057,107,F,10.016853701566264,30.61493198757435
618,none,C9H95F19O68Pt64S,256,-16.163474685527035,84.86593773638705,314.26114059142185,551.1014321065273,57,Pt,16.163474685527035,27.004909858302597
619,none,H116O58Pt64,238,-5.72069564921304,43.998535693806595,139.95563197654522,224.53774585758453,211,O,5.72069564921304,31.43748849005247
620,none,H116O58Pt64,238,-6.213515568201767,49.58801384068984,114.82125949331854,251.22453738244343,85,O,6.213515568201767,43.18713630168407
621,none,H117O62Pt64,243,-6.834464383032747,47.1983527024174,138.53695868902994,226.0130891410449,100,O,6.834464383032747,34.069141656532416
622,none,H117O62Pt64,243,-7.343144890700884,58.35931277664052,155.92070795052217,413.72740383171373,62,Pt,7.343144890700884,37.42884030205885
623,none,H116O62Pt64,242,-16.352829491514672,68.09430332303306,440.40856305357534,997.3476141662594,71,O,16.352829491514672,15.461621102664493
624,none,H116O62Pt64,242,-7.481887823183374,53.3969435894886,194.64562671225787,466.49136922868655,197,O,7.481887823183374,27.432901777148384
625,none,H116O62Pt64,242,-9.616503545154302,58.023305788035465,314.6538992937788,308.63459006042524,71,O,9.616503545154302,18.440358094485777
626,none,H116O62Pt64,242,-8.672748178326378,44.799915304904395,180.66880537962217,257.0465187678196,185,O,8.672748178326378,24.796707550465392
627,none,H116O62Pt64,242,-6.333402821251522,42.68450655285014,159.50743021813238,216.25942099618584,59,Pt,6.333402821251522,26.76019950573931
628,none,H116O62Pt64,242,-6.320946533829436,51.392816560969464,161.12362320122315,237.2345465894086,59,Pt,6.320946533829436,31.896512466571274
629,none,H116O64Pt64,244,-11.607893021346918,49.04397936905796,386.419876557313,238.84491266318355,63,Pt,11.607893021346918,12.691888369200868
630,none,H116O64Pt64,244,-9.773570347742414,41.09501639763731,191.18064120477683,222.6824656667121,133,O,9.773570347742414,21.495385797780507
631,none,H116O64Pt64,244,-9.338144269618244,48.64081732331504,162.88202237865482,248.44982730733915,187,O,9.338144269618244,29.862606451581772
632,none,H116O64Pt64,244,-7.375233708623202,56.575410744433626,171.69298798407632,594.3954775208163,59,Pt,7.375233708623202,32.95149755893392
633,none,H116O64Pt64,244,-7.204243038865913,89.26945402404638,168.94754222077174,919.1849906180853,56,Pt,7.204243038865913,52.83856329048799
634,none,H116O64Pt64,244,-7.978797849929952,50.27691386573726,161.94335675788705,336.61737291594727,59,Pt,7.978797849929952,31.045987234230065
635,none,H116O64Pt64,244,-11.4165170223893,56.20065104597552,398.93214888470203,308.4440946481355,56,Pt,11.4165170223893,14.087771868749147
636,none,H116O64Pt64,244,-9.898423436708503,49.426389880973474,274.07509629675286,232.94568399472,65,O,9.898423436708503,18.033885803129447
637,none,H118O74Pt64,256,-12.726783773814532,89.98676690651345,260.1290466476837,784.2697563480624,69,O,12.726783773814532,34.59312524540586
638,none,H118O74Pt64,256,-11.819616344837414,55.90286785716793,198.8319420457716,426.6613592172247,69,O,11.819616344837414,28.115637398089163
639,none,H116O74Pt64,254,-10.751726981903257,54.49634850287177,246.3611296960684,282.67527742425676,68,O,10.751726981903257,22.120514129036103
640,none,Pt64,64,-9.471970904087357,22.644885419519724,140.1800351598008,93.15423167384301,54,Pt,9.471970904087357,16.154144485486302
641,none,C9H95F19O58Pt64S,246,-9.52094202973346,62.55137902442919,110.66846858142442,517.6072416065489,102,F,9.52094202973346,56.52141014168544
642,none,C9H95F19O58Pt64S,246,-10.0441976392176,63.73525999618385,149.59879459063475,522.5147816489059,111,F,10.0441976392176,42.60412670475744
643,none,C9H95F19O58Pt64S,246,-8.826075868758684,58.38932407323493,93.511087408194,460.1827564922545,123,F,8.826075868758684,62.44107056348754
644,none,C9H95F19O58Pt64S,246,-8.868149319039922,56.52089143536797,97.10147805765195,368.1578899657239,119,F,8.868149319039922,58.20806497076172
645,none,C9H95F19O58Pt64S,246,-9.15939631806573,63.629810357845024,100.32927499558197,508.0259648430533,125,F,9.15939631806573,63.42098092570387
646,none,C9H95F19O58Pt64S,246,-9.878578217940527,69.120480308829,142.144821415796,573.1301344246845,123,F,9.878578217940527,48.62680161005704
647,none,C9H95F19O58Pt64S,246,-10.352743833682622,64.660946097458,178.95214795169466,483.9926457205889,119,F,10.352743833682622,36.13309302937912
648,none,C9H95F19O58Pt64S,246,-9.900070988214424,57.6975639082487,177.5197127829053,498.33327745020955,112,F,9.900070988214424,32.50206019587749
649,none,C9H95F19O58Pt64S,246,-9.022540895659212,55.41837498051688,92.4507452379997,418.8528149776922,124,F,9.022540895659212,59.943675778763186
650,none,C9H95F19O58Pt64S,246,-8.895587726217899,55.13989356398985,88.65756337739647,447.83445448824006,112,F,8.895587726217899,62.19423528398926
651,none,H116O58Pt,175,-10.672445737644532,44.68930722311502,441.3261782018169,229.10964068358152,126,O,10.672445737644532,10.126140127286707
652,none,H116O58Pt,175,-7.652998332487186,42.70221915849019,439.76675409483926,196.11365036241176,105,O,7.652998332487186,9.71019722634174
653,none,H116O58Pt,175,-9.088541766458158,40.86045928288688,549.4305885203673,209.70589902263202,144,O,9.088541766458158,7.436873762876088
654,none,H116O58Pt,175,-9.636220998779338,39.58934861338442,591.1089647711527,195.23509355211704,138,O,9.636220998779338,6.697470512684815
655,none,H116O58Pt,175,-8.453319244186527,41.38913654299586,557.9592767664777,213.86614948642466,66,O,8.453319244186527,7.417949349790705
656,none,H116O58Pt,175,-9.198143013449485,40.15627444745903,487.491558307058,206.73274022960493,90,O,9.198143013449485,8.237327142014971
657,none,H116O58Pt,175,-8.81967449178254,46.47086829837375,968.6936624207552,221.2129493089266,84,O,8.81967449178254,4.7972718415689375
658,none,H116O58Pt,175,-9.888290962304122,43.171012079146244,577.7494870426434,194.64886798349715,153,O,9.888290962304122,7.4722718145762395
659,none,H116O58Pt,175,-8.80370290505068,42.16256746416723,717.2602282516389,201.1438075898713,102,O,8.80370290505068,5.878280406950878
660,none,H116O58Pt,175,-8.681362417805108,44.35099312956134,1480.5607719367392,235.00076200970778,114,O,8.681362417805108,2.99555370979776
661,none,H116O58Pt,175,-9.318806082135,43.11398457976155,1306.9855873903302,259.2055859721306,138,O,9.318806082135,3.2987345075355896
662,none,H116O58Pt,175,-8.041380062287706,42.647008562366736,432.61841376760015,204.33785711445807,111,O,8.041380062287706,9.85788103445741
663,none,H116O58Pt,175,-8.59227197517092,40.808495256950664,550.5479872677048,217.0161682914892,144,O,8.59227197517092,7.412341194720865
664,none,H116O58Pt,175,-9.195542438932794,40.2308159559841,441.08105008776096,195.62851103544838,138,O,9.195542438932794,9.1209576897442
665,none,H116O58Pt,175,-9.916059352607201,41.12359915295847,578.0354778756257,203.52277747997775,171,O,9.916059352607201,7.114372858928033
666,none,H116O58Pt,175,-8.91327788448377,42.6864609280467,628.0675363553927,206.20071838659254,160,H,8.91327788448377,6.796476247721952
667,none,H116O58Pt,175,-9.422619314656393,38.447301378720674,676.531595169116,171.77520967786228,153,O,9.422619314656393,5.683001600111493
668,none,H116O58Pt,175,-9.637703640016428,42.33542341003468,529.3115916657997,203.63170602001176,162,O,9.637703640016428,7.998204474759492
669,none,H116O58Pt,175,-10.195680664203662,42.1292820996569,515.3403637911124,208.9679330333659,84,O,10.195680664203662,8.175040237432972
670,none,H116O58Pt,175,-8.566142597431151,44.15219734628175,666.6132418724535,253.62467100345998,39,O,8.566142597431151,6.62336037944017
671,none,H116O58Pt,175,-8.396010767735008,39.058802648060556,445.346890174085,209.48270799380703,81,O,8.396010767735008,8.770422228118077
672,none,H116O58Pt,175,-8.872700888002457,42.131919949724036,427.95268341899805,197.8058546071071,63,O,8.872700888002457,9.844994921663734
673,none,H116O58Pt,175,-9.876814611301857,42.946151407453556,542.0386804990901,215.97629999932025,126,O,9.876814611301857,7.923078730822356
674,none,H116O58Pt,175,-8.541931254460776,43.21944489842241,1365.2188770937355,207.6112063357606,138,O,8.541931254460776,3.165752072695298
675,none,H116O58Pt,175,-8.745422582765709,40.11348584477247,428.60122241065517,194.54217802461247,138,O,8.745422582765709,9.359162724538052
676,none,H116O58Pt,175,-9.624207951003752,44.72796081841051,486.36343717640085,246.78930665702546,159,O,9.624207951003752,9.196406925257412
677,none,H116O58Pt,175,-9.995181653316,42.712710347909834,537.2897737185156,214.15044470707173,126,O,9.995181653316,7.949660022803056
678,none,H116O58Pt,175,-8.109330773939812,40.99320640076064,482.3081028104147,220.28179704651282,66,O,8.109330773939812,8.499381652908747
679,none,H116O58,174,-6.066365159532669,46.83346402109998,549.8958124702026,223.4904713752612,96,O,6.066365159532669,8.516788627779878
680,none,H116O58,174,-6.4966518115314145,46.30993613931569,535.7299427715623,222.60079361285568,18,O,6.4966518115314145,8.644268770891243
681,none,H116O58,174,-5.133505142164242,51.26027217532999,724.8755109753054,212.87988652809918,69,O,5.133505142164242,7.071596625793073
682,none,H116O58,174,-5.634683214809448,45.64568955447758,645.1580673489043,244.87246621961577,72,O,5.634683214809448,7.075117225464715
683,none,H116O58,174,-5.361177376304196,48.061530121122146,615.4230150701014,217.040745019812,96,O,5.361177376304196,7.809511335166361
684,none,C9H95F19O52PtS,177,-8.226658534914673,72.60855573613472,622.2221845407732,421.77074042969514,32,F,8.226658534914673,11.669232878561372
685,none,C9H95F19O54PtS,179,-13.4933712744195,68.6576283448744,236.7903122658186,543.9776018197482,40,F,13.4933712744195,28.995117109267532
686,none,C9H95F19O54PtS,179,-11.824811995663556,65.09540413822533,137.25917308126563,401.2828805798206,32,F,11.824811995663556,47.42517580204637
687,none,C9H95F19O52PtS,177,-8.381252655916319,82.01271231031502,582.9738943537594,522.106014544254,38,F,8.381252655916319,14.067990540335959
688,none,C9H95F19O52PtS,177,-8.2177829544838,78.2355766408694,591.8825634877747,551.0335397657009,39,F,8.2177829544838,13.21809113278353
689,none,C9H95F19O52S,176,-8.408365966757133,82.99956358042074,593.3663005449523,527.5721056465356,37,F,8.408365966757133,13.98791328462592
690,none,C9H95F19O52PtS,177,-8.495615114973225,80.14012011137208,619.0868076099306,508.6483863177392,53,F,8.495615114973225,12.944892239064824
691,none,C9H95F19O52PtS,177,-8.51391887651213,88.98511591799581,553.3406067236558,504.19791734747287,42,F,8.51391887651213,16.081436069707408
692,none,C9H95F19O52S,176,-8.40010246536787,85.78428132417235,618.6075844930484,500.5590090902293,50,F,8.40010246536787,13.86731806634297
693,none,C9H95F19O52S,176,-7.572428246393511,78.82393082968571,636.2209857974104,492.99174978239046,31,F,7.572428246393511,12.389394972706123
694,none,C9H96F19O53PtS,179,-8.545427018763203,54.44526908386848,76.32778376773587,425.4238741245227,29,F,8.545427018763203,71.33086590008233
695,none,C9H95F19O52PtS,177,-8.544748801302946,69.21296815847465,620.935612912646,401.2123139915785,46,F,8.544748801302946,11.146561208466492
696,none,C9H95F19O52PtS,177,-9.999062297461254,80.37366043209997,602.5614075576148,528.576100122262,40,F,9.999062297461254,13.338667134007405
697,none,C9H95F19O52PtS,177,-9.44311074695667,81.81007554310189,557.7506435743677,503.39368102275483,40,F,9.44311074695667,14.667858564683796
698,none,C9H95F19O52PtS,177,-8.339542441691949,74.60248136100094,581.2901179866209,489.93823080395947,42,F,8.339542441691949,12.83394970129494
699,none,C9H95F19O58Pt66S,248,-8.886756325439144,137.7607046306751,871.8656417817513,2142.5197227266494,246,Pt,8.886756325439144,15.80068052104293
700,none,C9H97F19O58Pt66S,250,-5.981654193019494,63.1932851630346,353.70510742005877,472.91255718451424,112,F,5.981654193019494,17.866093487868838
701,none,C9H95F19O54PtS,179,-14.47210776059974,53.80566662626693,377.3898860503517,507.77753993484384,32,F,14.47210776059974,14.257315475351167
702,none,C9H95F19O54PtS,179,-11.18815675796193,48.731099827421495,49.32541290107245,300.29969547201694,45,F,11.18815675796193,98.79511789421224
703,none,C9H95F19O54PtS,179,-12.270842198143953,61.82985604030328,75.53002316890652,475.92410192663965,39,F,12.270842198143953,81.86129627159548
704,none,C9H95F19O54PtS,179,-11.92067348177632,66.17006145292717,114.7323514815799,466.9990909332284,45,F,11.92067348177632,57.673411726029755
705,none,C9H95F19O54PtS,179,-13.113856000592282,64.37790605158179,95.59147848783167,462.2906594208711,51,F,13.113856000592282,67.34690902367075
706,none,C9H95F19O54PtS,179,-13.83048087118165,75.38647102953118,322.4374255108432,577.5540655674282,50,F,13.83048087118165,23.38018637572704
707,none,C9H95F19O54PtS,179,-12.582529694483844,62.9463196816724,76.26018412364739,477.6269470240182,39,F,12.582529694483844,82.54152596800968
708,none,C9H95F19O54PtS,179,-12.201519432653576,72.38036891708909,99.8939641778133,472.382840464747,53,F,12.201519432653576,72.45719950431695
709,none,C9H95F19O54PtS,179,-11.489937820015918,63.67380580226421,79.0276771536785,408.8345684882345,38,F,11.489937820015918,80.57152645198353
710,none,C9H96F19O53PtS,179,-10.14326907723281,52.52680116623401,158.95584596346612,479.5735635916297,32,F,10.14326907723281,33.044900518038574
711,none,C9H96F19O53PtS,179,-7.311557396347556,51.60932639863045,74.07733586870984,347.0718264085591,45,F,7.311557396347556,69.66952279452879
712,none,C9H96F19O53PtS,179,-8.536247434514033,60.9762629238552,103.32961536485355,525.4750895711169,45,F,8.536247434514033,59.011409951106444
713,none,C9H96F19O53PtS,179,-9.687850631810218,67.43943225455611,198.84364485143817,477.4251762557802,55,F,9.687850631810218,33.91580973329173
714,none,C9H96F19O53PtS,179,-7.692046199238133,55.02091267403155,68.4399897588343,469.5042307665626,53,F,7.692046199238133,80.39292943776252
715,none,C9H96F19O53PtS,179,-7.455520241011738,48.82023953700022,57.93092170890253,363.66151594874736,54,F,7.455520241011738,84.27319658802834
716,none,C9H96F19O53PtS,179,-9.699164043343561,62.670325242983324,134.76140219783434,502.94957059969323,50,F,9.699164043343561,46.50465505767085
717,none,C9H96F19O53PtS,179,-9.029347520959291,74.76990105825435,115.46604124307369,510.77978393599744,32,F,9.029347520959291,64.75488399299346
718,none,C9H96F19O53PtS,179,-8.439762376314848,65.38550005877451,151.67402755989656,438.7453979503276,39,F,8.439762376314848,43.109226484378524
719,none,C9H96F19O53PtS,179,-7.218434479792912,43.67588861251489,27.548918721943547,339.7379304020907,45,F,7.218434479792912,158.53939333642785
720,none,C9H96F19O53PtS,179,-9.953152392642941,61.027511027537344,123.69280285083657,421.2729573973732,38,F,9.953152392642941,49.33796439323277
721,none,C9H96F19O53PtS,179,-9.419013368342704,76.83220598045807,176.12182948005898,462.06406595934743,29,F,9.419013368342704,43.62446506902612
722,none,C9H96F19O53PtS,179,-8.300083927791006,69.0510084103748,163.2974225234965,434.25791881427983,39,F,8.300083927791006,42.285424560475974
723,none,C9H96F19O53PtS,179,-7.578762307748141,49.658630422370436,59.22904026232276,369.7329586904225,45,F,7.578762307748141,83.84169353822818
724,none,C9H96F19O53PtS,179,-9.679237992535917,68.60518992450984,199.16104003450494,441.8032649689205,54,F,9.679237992535917,34.44709362464862
725,none,C9H96F19O53PtS,179,-9.663489302069108,78.77992955158989,172.74246872060004,501.79759753829336,32,F,9.663489302069108,45.605420679156445
726,none,C9H96F19O53PtS,179,-8.45618511702314,62.2492533061228,91.47995250540586,555.0379303236559,55,F,8.45618511702314,68.04687978215148
727,none,C9H96F19O53PtS,179,-7.184862201181748,41.99708846174562,23.354116331635698,338.25993493436835,45,F,7.184862201181748,179.82734977155175
728,none,C9H96F19O53PtS,179,-8.534203495589011,69.26617060878827,165.37201652920655,501.4867715268778,32,F,8.534203495589011,41.88506136801875
729,none,C9H95F19O58Pt64S,246,-9.472120930421795,57.7112017969118,77.80890946790159,482.7481753763812,99,F,9.472120930421795,74.17042879995553
730,none,C9H95F19O58Pt64S,246,-7.012385112371644,69.30415373991538,134.35014639474196,480.4556340301709,117,F,7.012385112371644,51.58472513776712
731,none,C9H96F19O64Pt64S,253,-10.433949878680421,70.25190257764736,106.18816753575915,490.49982687687634,126,F,10.433949878680421,66.15793850476781
732,none,C9H97F19O64Pt64S,254,-7.794950670960513,64.21625741314507,114.39872679964652,527.611260339547,106,F,7.794950670960513,56.13371687747096
733,none,C9H97F19O58Pt64S,248,-7.587635638980916,74.15914213828661,94.5943853814065,791.4681519596024,66,O,7.587635638980916,78.39698079254433
734,none,C9H96F19O58Pt64S,247,-7.7919115175479865,63.740888164409746,92.11535066827913,491.92520017717044,99,F,7.7919115175479865,69.19681432245751
735,none,C9H95F19O58Pt64S,246,-9.47791691105226,63.351007083807794,147.26236964090796,436.99188355106423,100,F,9.47791691105226,43.0191414400611
736,none,C9H95F19O62Pt64S,250,-7.834123527398333,67.4736791960306,114.44082646037624,510.6203945466241,113,F,7.834123527398333,58.95944767525123
737,none,C9H95F19O52PtS,177,-8.527861580166816,83.99610241109092,542.3296729042836,442.23337150689093,53,F,8.527861580166816,15.488015243804574
738,none,C9H95F19O52PtS,177,-9.470926771186408,76.39060546885595,668.5651842771598,419.14189024906807,30,F,9.470926771186408,11.426051978977645
739,none,C9H95F19O52PtS,177,-8.311459562673146,75.90030851876648,522.7048545658895,453.95715843198155,55,F,8.311459562673146,14.520681768261419
740,none,C9H95F19O52PtS,177,-9.175560218411942,67.63661522804297,146.40807206838903,424.39091831658294,51,F,9.175560218411942,46.19732660399289
741,none,C9H97F19O64Pt64S,254,-8.42194178180153,68.25266146516186,115.30517601622947,552.7722031832426,129,F,8.42194178180153,59.19305951673422
742,none,C9H96F19O64Pt64S,253,-10.740759176719315,60.45658400052339,107.49866491651532,395.09488528214945,118,F,10.740759176719315,56.239381249501704
743,none,C9H97F19O64Pt64S,254,-9.663084572764099,68.71623643347611,639.9182183300751,557.9151829557562,122,F,9.663084572764099,10.738284122117573
744,none,C9H97F19O64Pt64S,254,-8.543933928173264,66.05476023204302,120.5409794952782,547.4277774992912,106,F,8.543933928173264,54.79859256878737
745,none,C9H95F19O62Pt64S,250,-8.944101829780266,58.821605664123545,198.24081466121248,497.1633399705831,129,F,8.944101829780266,29.671793754806686
746,none,C9H97F19O64Pt64S,254,-7.923584545877263,61.946765635524514,119.92693046984465,443.4100649895197,105,F,7.923584545877263,51.65375732775958
747,none,C9H96F19O64Pt64S,253,-10.99510753024351,68.88169130248872,305.8101001526964,528.7875969111685,123,F,10.99510753024351,22.52433496084494
748,none,C9H95F19O62Pt64S,250,-8.443025275482796,65.44967589587854,122.057659732745,445.4734297667444,118,F,8.443025275482796,53.62193248599542
749,none,C9H95F19O62Pt64S,250,-8.910823982208967,74.29380675342759,223.0606083573559,526.4666664459779,117,F,8.910823982208967,33.30655614208881
750,none,C9H97F19O64Pt64S,254,-9.511116118097906,71.91519550924667,230.98940251549013,522.4612825254944,105,F,9.511116118097906,31.13354756802059
751,none,H116O65Pt64,245,-15.291085524475012,42.23297315730497,111.07622371126389,258.94996905653625,64,O,15.291085524475012,38.021614118865884
752,none,H117O63Pt64,244,-6.610016882434854,37.9683236590726,116.90353361372603,185.49512057849066,181,O,6.610016882434854,32.478337040288245
753,none,H117O63Pt64,244,-6.36917776363753,43.536947950052856,182.1794308614767,238.16640055352713,241,O,6.36917776363753,23.897839478462817
754,none,H117O63Pt64,244,-6.5137490189536935,41.93244319631744,172.96791873583038,210.55475185166387,88,O,6.5137490189536935,24.242902095827276
755,none,C9H97F19O58Pt64S,248,-9.20297700483183,57.38256052772154,157.86906848973211,477.5845589447944,119,F,9.20297700483183,36.348197323691515
756,none,C9H97F19O58Pt64S,248,-9.07786188925515,58.892247876580385,152.99449981895918,441.0416683740148,111,F,9.07786188925515,38.49304906141627
757,none,H116O65Pt64,245,-16.096420538949076,42.81726742204118,137.0117187245701,241.74265646746755,103,O,16.096420538949076,31.250806734360623
758,none,H118O64Pt64,246,-6.060989633343576,38.91626758095978,109.59442332358611,198.92413250610028,103,O,6.060989633343576,35.50935020302671
759,none,C9H97F19O58Pt64S,248,-8.614018204811615,65.05227239314755,189.47164440372077,511.70707535025326,99,F,8.614018204811615,34.33351338553648
760,none,H117O64Pt64,245,-6.175184054110123,41.371342277295,109.54444175136919,291.7256315328837,66,O,6.175184054110123,37.76671971289488
761,none,C9H96F19O64Pt64S,253,-9.690304169327337,65.3766377849295,110.8527032614419,497.8538468613798,115,F,9.690304169327337,58.97613306798768
762,none,C9H97F19O64Pt64S,254,-8.856661064668529,64.24888712337552,124.10998622268977,529.5919833780127,106,F,8.856661064668529,51.76770143870144
763,none,C9H97F19O58Pt64S,248,-6.342290412923772,54.74417462820579,85.45874791117161,447.4116679693861,102,F,6.342290412923772,64.05918172953871
764,none,C9H95F19O58Pt64S,246,-9.971098737139066,65.79739948122962,261.5065703704545,544.2959952489017,110,F,9.971098737139066,25.160897253181805
765,none,C9H96F19O58Pt64S,247,-6.6331415268666065,56.24370765745411,84.58155565522466,389.94959976691104,117,F,6.6331415268666065,66.49642137905026
766,none,C9H95F19O52S,176,-7.075653883517092,77.7246323715444,624.2223799780434,492.9831773063497,55,F,7.075653883517092,12.45143315340253
767,none,C22HF45O5S,74,-5.018292432470008,129.22113327431111,1007.495697076868,515.1563554810814,12,F,5.018292432470008,12.825973713756916
768,none,C9HF19O5Pt43S,78,-17.92672798239017,65.20026499346108,1269.4289972682488,354.6914171875961,76,F,17.92672798239017,5.136188407053011
769,none,C9H119F19O64Pt43S,255,-12.25542098788234,57.57434646275167,881.393059511181,377.85208575974826,76,F,12.25542098788234,6.532198755307002
770,none,O8Pt6,14,-61.363352277112426,79.27232300484137,79.33972505289228,181.61077793284474,12,O,61.363352277112426,99.91504627977224
771,none,O8Pt6,14,-64.94611369271297,32.59212131818224,1199.8364052954266,87.5518729358036,2,Pt,64.94611369271297,2.7163804310602933
772,none,Pt43,43,-29.783519648210426,14.407652348767343,0.6723089040611057,28.78112863406091,39,Pt,29.783519648210426,2143.0107889003716
773,none,C9H95F19O56Pt64S,244,-7.994277203445071,69.92646745162024,166.34411521838092,436.4451415555702,106,F,7.994277203445071,42.03723549812324
774,none,C9H95F19O58Pt64S,246,-6.852845758236604,77.10676480627056,76.70181385920378,512.5979373956237,67,O,6.852845758236604,100.52795485098973
775,none,C9H95F19O68Pt64S,256,-7.969872632088482,70.42923331472525,116.89048168095178,454.34705050481966,131,F,7.969872632088482,60.25232534070586
776,none,C9H95F19O52PtS,177,-8.1580706254124,52.67921754871443,124.2591610637184,408.4122628362022,30,F,8.1580706254124,42.39463480821446
777,none,C9H95F19O52PtS,177,-14.667330148197726,74.52053205232966,375.4250768543163,520.2865328712077,3,O,14.667330148197726,19.849641552113834
778,none,C9H95F19O56Pt64S,244,-10.655826583030427,71.53144082746986,614.484491380174,465.9107700584134,115,F,10.655826583030427,11.64088627636564
779,none,C9H95F19O64Pt64S,252,-10.88202336702832,69.30079478515691,101.56730170567015,484.5985800546379,106,F,10.88202336702832,68.23140284457128
780,none,C9H95F19O68Pt64S,256,-10.068256661156738,67.47337053594534,155.02192349385635,503.9946985799656,134,F,10.068256661156738,43.52505053172003
781,none,C9H95F19O52PtS,177,-9.24686605542718,76.98784390559324,635.5598891250185,421.0674475841985,54,F,9.24686605542718,12.113389347396224
782,none,C9H97F19O58Pt64S,248,-8.24377345998073,55.51063389761186,97.88862451906266,406.0318478218594,125,F,8.24377345998073,56.70795168523572
783,none,C9H97F19O58Pt64S,248,-8.376227854539813,66.52017360999679,115.79895897825502,516.9103800991285,110,F,8.376227854539813,57.44453507780506
784,none,C9H95F19O58Pt64S,246,-9.220313518857054,62.06793959261134,196.2303124806448,411.5134371071568,99,F,9.220313518857054,31.630148679875038
785,none,C9H95F19O54PtS,179,-13.724088019352568,52.303646014080776,647.1337750552028,393.6924592330862,29,F,13.724088019352568,8.082354534751195
786,none,C9H95F19O54PtS,179,-11.188156323558808,48.731305417875106,49.3256748220364,300.2974742282823,45,F,11.188156323558808,98.79501009098055
787,none,C9H95F19O53PtS,178,-11.27185519280931,50.727348194830135,220.1524557412655,397.1286920440534,30,F,11.27185519280931,23.041917940014955
788,none,C9H95F19O53PtS,178,-9.560898283708728,54.18238108642836,38.8652588367548,403.8392804945768,30,F,9.560898283708728,139.41083298585468
789,none,C9H96F19O53PtS,179,-10.008675734269922,54.93062378972108,366.78657273577176,436.78011158171034,30,F,10.008675734269922,14.976181756056917
790,none,C9H96F19O53PtS,179,-7.156616154179828,40.3611155272196,20.403671049718167,322.93063489222726,45,F,7.156616154179828,197.81300839868769
791,none,C9H95F19O52Pt43S,219,-17.939801565233243,77.4962926929574,651.9311979182521,511.70559204764464,8,O,17.939801565233243,11.887188853734672
792,none,C9H97F19O58Pt64S,248,-10.30777094462293,69.42291506176896,458.29322889030203,565.5745415819738,110,F,10.30777094462293,15.148143303331713
793,none,C9HF19O5S,35,-13.099138199322624,125.54946604527484,172.27390114097736,414.13484623868317,18,F,13.099138199322624,72.87782143073059
794,none,HO3Pt64S,69,-26.259015431539897,40.72920598909003,691.0995705432465,171.46422324923188,49,Pt,26.259015431539897,5.893391882312181
795,none,C9H95F19O52S,176,-10.09273623185436,69.58638235322013,160.0683755511422,447.80941358842523,45,F,10.09273623185436,43.47291094422779
796,none,C9H95F19O56Pt64S,244,-10.26039749582405,62.08139167003311,220.38020654248604,479.5256963610729,110,F,10.26039749582405,28.17013045046981
797,none,C9H95F19O56Pt64S,244,-9.943479802087332,67.74080600849294,214.75110049536522,453.6416580576511,117,F,9.943479802087332,31.543869089488055
798,none,C9H95F19O58Pt64S,246,-10.943453439167792,60.565834890628864,227.7765625806601,456.80284093587215,99,F,10.943453439167792,26.590020590543123
799,none,C9H95F19O58Pt64S,246,-10.943453505183797,60.56583474837953,227.77656236442624,456.8028409358707,99,F,10.943453505183797,26.59002055333442
800,none,C9H95F19O64Pt64S,252,-12.943055565951259,60.86973607298949,249.15446948835043,466.4387058621393,107,F,12.943055565951259,24.430521434348798
801,none,HO4Pt64,69,-13.808548975604303,35.189894768450074,373.0201504076669,210.8441925539702,64,O,13.808548975604303,9.433778504992741
802,none,HO4Pt64,69,-17.173825637471147,27.15276823576011,390.56875623011223,142.90881308140055,57,Pt,17.173825637471147,6.9521096612660065
803,none,HO4Pt64,69,-16.612428383466423,27.232396374729806,391.77540926238294,144.5040358282884,57,Pt,16.612428383466423,6.951022379378464
804,none,HO4Pt64,69,-15.606156665919537,26.25850584559488,390.48355708651053,139.40528516821345,57,Pt,15.606156665919537,6.724612437336863
805,none,HO6Pt64,71,-16.300518591609507,22.182553364136936,436.76226487642464,134.23297157295855,64,O,16.300518591609507,5.078862151796278
806,none,HO6Pt64,71,-16.918390286712526,22.828608143148962,441.0192316409423,179.5381882741511,64,O,16.918390286712526,5.176329399107695
807,none,HO6Pt64,71,-16.625330062799524,22.791741849815956,437.6811626520163,183.76810592163508,64,O,16.625330062799524,5.207384688825826
808,none,HO6Pt64,71,-15.692573581399186,24.328897980543896,436.39299856955853,176.6717503598804,67,O,15.692573581399186,5.574997321288603
809,none,HO12Pt64,77,-21.792566687981417,26.49616889102171,420.7973811984765,138.47818760207443,64,O,21.792566687981417,6.296657269006227
810,none,HO12Pt64,77,-20.786057543478204,37.41674771888232,429.2989240035019,237.2148695359099,65,O,20.786057543478204,8.7157795248928
811,none,HO12Pt64,77,-22.112901800677978,30.034137011122844,418.85446473615474,159.11207138979137,71,O,22.112901800677978,7.17054240547298
812,none,HO12Pt64,77,-19.489366444381098,50.125499896470295,316.80181278690685,282.2458028263941,67,O,19.489366444381098,15.82235261077456
813,none,C9H95F19O58Pt64S,246,-12.226390970371119,65.95748807092086,190.47036823303702,431.4003401518436,112,F,12.226390970371119,34.62873972618306
814,none,H116O64Pt64,244,-9.773570346430356,41.09501646702465,191.18064132733974,222.6824656667128,133,O,9.773570346430356,21.49538582029428
815,none,CPt,2,-476.83638086959945,1.174242032810054,0.030340000000000002,2.033846861210313,0,Pt,476.83638086959945,3870.2769703693275
816,none,O4Pt2,6,-12.067461134696108,69.85351367220191,391.81597029456026,151.62710282841599,3,O,12.067461134696108,17.828143559254947
817,none,C8F8O32Pt4S8,60,-59.892721707365126,84.16255662201662,1069.0881027548771,349.69961877352404,57,F,59.892721707365126,7.8723686481163275
818,none,Pt8S8,16,-214.08807362331572,87.15107154416972,175.79248576380766,300.3069064233187,7,Pt,214.08807362331572,49.576107400440705
820,none,F24Pt4,28,-33.22533497157565,143.21020635238213,1094.7416997026621,385.0248278125345,7,F,33.22533497157565,13.081643495564188
821,none,Pt2S2,4,-1.7256818518944783,1.391500776727176,0.002625060316767344,3.429079850593928,2,S,1.7256818518944783,53008.33538334666
822,none,O4Pt2,6,-23.965408227316704,60.23154997858708,181.25322411567512,132.00691672239145,4,O,23.965408227316704,33.23060887465788
823,none,C20H44O4Pt56S56,180,-6.06550722942403,21.22237845855226,441.0778635594816,195.66618427807688,178,O,6.06550722942403,4.811481194564713
824,none,C2H29O13Pt36,80,-31.011095861322246,79.67342840670939,1555.0439334942664,468.800280047909,27,Pt,31.011095861322246,5.12354838925219
825,none,C32H72FO8Pt48S48,209,40.391000607814064,21.076735848491033,971.0243049183874,209.74516444247618,208,F,40.391000607814064,2.1705672805236826
826,none,C14H30O2Pt32S32,110,0.6431665033398365,29.50636525532907,453.0650931172997,289.45247776976043,30,Pt,0.6431665033398365,6.512610594718627
827,none,C3H36O15Pt36,90,-18.17917301329241,142.9448401364208,1388.5252317477184,838.5007615109291,70,H,18.17917301329241,10.294723989746878
828,none,C14H30O2Pt32S32,110,0.46167017545402894,30.728394426592917,505.36749475848086,142.55084482567628,66,C,0.46167017545402894,6.080405792873216
829,none,H62O31Pt72,165,-25.5263728661124,87.73485016363522,1493.9548913987394,642.0036708293648,49,Pt,25.5263728661124,5.872657244790842
830,none,C3H36O15Pt36,90,-10.169849428024868,95.33501362791957,1205.4677362448383,472.0262793173218,22,Pt,10.169849428024868,7.908549582994099
831,none,C20H44O4Pt56S56,180,-6.040930341664029,16.101680044618504,431.64042625885713,127.75108067928639,177,O,6.040930341664029,3.7303456917082736
832,none,C2H29O13Pt36,80,-30.91193226937321,83.48594680611,1678.9627930569611,473.59615609120425,27,Pt,30.91193226937321,4.972471525357835
833,none,H62O31Pt72,165,-30.400420841055386,84.51975661785544,1333.464716140808,635.3884555462134,49,Pt,30.400420841055386,6.338357182968052
834,none,C14H30O2Pt32S32,110,0.7282267466176894,30.341520308745345,545.8228362009869,235.3545705243951,65,C,0.7282267466176894,5.558858716855292
835,none,C32H72FO8Pt48S48,209,40.35935672816072,25.100593060905318,976.427474843537,312.3047000971957,208,F,40.35935672816072,2.570656163165364
836,none,C20H44O4Pt56S56,180,-6.126118952104459,26.18903812984693,440.5612177869089,201.58424799109474,13,Pt,6.126118952104459,5.944471976313192
837,none,C32H72FO8Pt48S48,209,40.36105049074445,17.967330786522695,973.8008208276359,106.46095554566608,4,Pt,40.36105049074445,1.8450724626882335
838,none,C20H44O4Pt56S56,180,-6.057330267827234,16.934278865966476,442.95984108159075,122.96454376546421,131,C,6.057330267827234,3.822982874613971
839,none,C32H72FO8Pt48S48,209,40.358794450232956,18.582299972829894,975.5681382255981,109.82211515936088,4,Pt,40.358794450232956,1.904767001372976
840,none,C444,444,-6.739250451885112,66.02133661954242,1501.7790799226823,683.8395626954839,142,C,6.739250451885112,4.396208304016425
841,none,C58H49O26Pt5,138,12.638996498856653,83.21565262222273,1491.350834749366,536.3178073489689,53,C,12.638996498856653,5.5798844030021835
